Date,Value,
31-Jul-01,3.61,0.003008333
01-Aug-01,3.6,0.003
02-Aug-01,3.6,0.003
03-Aug-01,3.58,0.002983333
06-Aug-01,3.58,0.002983333
07-Aug-01,3.57,0.002975
08-Aug-01,3.56,0.002966667
09-Aug-01,3.56,0.002966667
10-Aug-01,3.54,0.00295
13-Aug-01,3.53,0.002941667
14-Aug-01,3.48,0.0029
15-Aug-01,3.47,0.002891667
16-Aug-01,3.43,0.002858333
17-Aug-01,3.41,0.002841667
20-Aug-01,3.43,0.002858333
21-Aug-01,3.41,0.002841667
22-Aug-01,3.41,0.002841667
23-Aug-01,3.44,0.002866667
24-Aug-01,3.44,0.002866667
27-Aug-01,3.47,0.002891667
28-Aug-01,3.47,0.002891667
29-Aug-01,3.43,0.002858333
30-Aug-01,3.36,0.0028
31-Aug-01,3.35,0.002791667
04-Sep-01,3.38,0.002816667
05-Sep-01,3.43,0.002858333
06-Sep-01,3.39,0.002825
07-Sep-01,3.35,0.002791667
10-Sep-01,3.36,0.0028
13-Sep-01,2.69,0.002241667
14-Sep-01,2.48,0.002066667
17-Sep-01,2.4,0.002
18-Sep-01,2.3,0.001916667
19-Sep-01,1.97,0.001641667
20-Sep-01,2,0.001666667
21-Sep-01,2.08,0.001733333
24-Sep-01,2.35,0.001958333
25-Sep-01,2.54,0.002116667
26-Sep-01,2.47,0.002058333
27-Sep-01,2.3,0.001916667
28-Sep-01,2.24,0.001866667
01-Oct-01,2.21,0.001841667
02-Oct-01,2.24,0.001866667
03-Oct-01,2.17,0.001808333
04-Oct-01,2.19,0.001825
05-Oct-01,2.18,0.001816667
09-Oct-01,2.21,0.001841667
10-Oct-01,2.27,0.001891667
11-Oct-01,2.27,0.001891667
12-Oct-01,2.28,0.0019
15-Oct-01,2.31,0.001925
16-Oct-01,2.29,0.001908333
17-Oct-01,2.31,0.001925
18-Oct-01,2.25,0.001875
19-Oct-01,2.27,0.001891667
22-Oct-01,2.27,0.001891667
23-Oct-01,2.28,0.0019
24-Oct-01,2.27,0.001891667
25-Oct-01,2.24,0.001866667
26-Oct-01,2.23,0.001858333
29-Oct-01,2.23,0.001858333
30-Oct-01,2.14,0.001783333
31-Oct-01,2.12,0.001766667
01-Nov-01,2.15,0.001791667
02-Nov-01,2.06,0.001716667
05-Nov-01,2.03,0.001691667
06-Nov-01,1.95,0.001625
07-Nov-01,1.9,0.001583333
08-Nov-01,1.9,0.001583333
09-Nov-01,1.9,0.001583333
13-Nov-01,1.93,0.001608333
14-Nov-01,1.96,0.001633333
15-Nov-01,1.96,0.001633333
16-Nov-01,1.99,0.001658333
19-Nov-01,2,0.001666667
20-Nov-01,1.99,0.001658333
21-Nov-01,1.97,0.001641667
23-Nov-01,1.98,0.00165
26-Nov-01,1.98,0.00165
27-Nov-01,1.98,0.00165
28-Nov-01,1.93,0.001608333
29-Nov-01,1.88,0.001566667
30-Nov-01,1.85,0.001541667
03-Dec-01,1.83,0.001525
04-Dec-01,1.78,0.001483333
05-Dec-01,1.74,0.00145
06-Dec-01,1.7,0.001416667
07-Dec-01,1.66,0.001383333
10-Dec-01,1.65,0.001375
11-Dec-01,1.64,0.001366667
12-Dec-01,1.67,0.001391667
13-Dec-01,1.67,0.001391667
14-Dec-01,1.67,0.001391667
17-Dec-01,1.69,0.001408333
18-Dec-01,1.69,0.001408333
19-Dec-01,1.66,0.001383333
20-Dec-01,1.64,0.001366667
21-Dec-01,1.64,0.001366667
24-Dec-01,1.63,0.001358333
26-Dec-01,1.74,0.00145
27-Dec-01,1.72,0.001433333
28-Dec-01,1.7,0.001416667
31-Dec-01,1.65,0.001375
02-Jan-02,1.7,0.001416667
03-Jan-02,1.7,0.001416667
04-Jan-02,1.69,0.001408333
07-Jan-02,1.68,0.0014
08-Jan-02,1.67,0.001391667
09-Jan-02,1.65,0.001375
10-Jan-02,1.64,0.001366667
11-Jan-02,1.6,0.001333333
14-Jan-02,1.6,0.001333333
15-Jan-02,1.62,0.00135
16-Jan-02,1.6,0.001333333
17-Jan-02,1.57,0.001308333
18-Jan-02,1.57,0.001308333
22-Jan-02,1.64,0.001366667
23-Jan-02,1.67,0.001391667
24-Jan-02,1.66,0.001383333
25-Jan-02,1.66,0.001383333
28-Jan-02,1.68,0.0014
29-Jan-02,1.69,0.001408333
30-Jan-02,1.67,0.001391667
31-Jan-02,1.66,0.001383333
01-Feb-02,1.66,0.001383333
04-Feb-02,1.67,0.001391667
05-Feb-02,1.71,0.001425
06-Feb-02,1.7,0.001416667
07-Feb-02,1.68,0.0014
08-Feb-02,1.66,0.001383333
11-Feb-02,1.7,0.001416667
12-Feb-02,1.73,0.001441667
13-Feb-02,1.72,0.001433333
14-Feb-02,1.72,0.001433333
15-Feb-02,1.69,0.001408333
19-Feb-02,1.7,0.001416667
20-Feb-02,1.72,0.001433333
21-Feb-02,1.73,0.001441667
22-Feb-02,1.72,0.001433333
25-Feb-02,1.73,0.001441667
26-Feb-02,1.75,0.001458333
27-Feb-02,1.74,0.00145
28-Feb-02,1.73,0.001441667
01-Mar-02,1.75,0.001458333
04-Mar-02,1.74,0.00145
05-Mar-02,1.75,0.001458333
06-Mar-02,1.74,0.00145
07-Mar-02,1.74,0.00145
08-Mar-02,1.74,0.00145
11-Mar-02,1.77,0.001475
12-Mar-02,1.79,0.001491667
13-Mar-02,1.77,0.001475
14-Mar-02,1.76,0.001466667
15-Mar-02,1.76,0.001466667
18-Mar-02,1.74,0.00145
19-Mar-02,1.78,0.001483333
20-Mar-02,1.76,0.001466667
21-Mar-02,1.75,0.001458333
22-Mar-02,1.75,0.001458333
25-Mar-02,1.75,0.001458333
26-Mar-02,1.79,0.001491667
27-Mar-02,1.74,0.00145
28-Mar-02,1.73,0.001441667
01-Apr-02,1.76,0.001466667
02-Apr-02,1.76,0.001466667
03-Apr-02,1.74,0.00145
04-Apr-02,1.74,0.00145
05-Apr-02,1.73,0.001441667
08-Apr-02,1.73,0.001441667
09-Apr-02,1.7,0.001416667
10-Apr-02,1.69,0.001408333
11-Apr-02,1.69,0.001408333
12-Apr-02,1.69,0.001408333
15-Apr-02,1.68,0.0014
16-Apr-02,1.68,0.0014
17-Apr-02,1.68,0.0014
18-Apr-02,1.67,0.001391667
19-Apr-02,1.66,0.001383333
22-Apr-02,1.64,0.001366667
23-Apr-02,1.65,0.001375
24-Apr-02,1.64,0.001366667
25-Apr-02,1.65,0.001375
26-Apr-02,1.65,0.001375
29-Apr-02,1.7,0.001416667
30-Apr-02,1.74,0.00145
01-May-02,1.73,0.001441667
02-May-02,1.71,0.001425
03-May-02,1.7,0.001416667
06-May-02,1.71,0.001425
07-May-02,1.74,0.00145
08-May-02,1.73,0.001441667
09-May-02,1.71,0.001425
10-May-02,1.7,0.001416667
13-May-02,1.74,0.00145
14-May-02,1.75,0.001458333
15-May-02,1.73,0.001441667
16-May-02,1.71,0.001425
17-May-02,1.7,0.001416667
20-May-02,1.7,0.001416667
21-May-02,1.7,0.001416667
22-May-02,1.69,0.001408333
23-May-02,1.7,0.001416667
24-May-02,1.68,0.0014
28-May-02,1.71,0.001425
29-May-02,1.7,0.001416667
30-May-02,1.7,0.001416667
31-May-02,1.69,0.001408333
03-Jun-02,1.69,0.001408333
04-Jun-02,1.7,0.001416667
05-Jun-02,1.72,0.001433333
06-Jun-02,1.71,0.001425
07-Jun-02,1.71,0.001425
10-Jun-02,1.72,0.001433333
11-Jun-02,1.72,0.001433333
12-Jun-02,1.71,0.001425
13-Jun-02,1.68,0.0014
14-Jun-02,1.68,0.0014
17-Jun-02,1.67,0.001391667
18-Jun-02,1.67,0.001391667
19-Jun-02,1.66,0.001383333
20-Jun-02,1.65,0.001375
21-Jun-02,1.65,0.001375
24-Jun-02,1.63,0.001358333
25-Jun-02,1.71,0.001425
26-Jun-02,1.69,0.001408333
27-Jun-02,1.67,0.001391667
28-Jun-02,1.66,0.001383333
01-Jul-02,1.68,0.0014
02-Jul-02,1.69,0.001408333
03-Jul-02,1.68,0.0014
05-Jul-02,1.68,0.0014
08-Jul-02,1.7,0.001416667
09-Jul-02,1.69,0.001408333
10-Jul-02,1.7,0.001416667
11-Jul-02,1.69,0.001408333
12-Jul-02,1.68,0.0014
15-Jul-02,1.68,0.0014
16-Jul-02,1.71,0.001425
17-Jul-02,1.69,0.001408333
18-Jul-02,1.69,0.001408333
19-Jul-02,1.69,0.001408333
22-Jul-02,1.69,0.001408333
23-Jul-02,1.7,0.001416667
24-Jul-02,1.67,0.001391667
25-Jul-02,1.68,0.0014
26-Jul-02,1.69,0.001408333
29-Jul-02,1.7,0.001416667
30-Jul-02,1.7,0.001416667
31-Jul-02,1.7,0.001416667
01-Aug-02,1.68,0.0014
02-Aug-02,1.64,0.001366667
05-Aug-02,1.66,0.001383333
06-Aug-02,1.69,0.001408333
07-Aug-02,1.64,0.001366667
08-Aug-02,1.65,0.001375
09-Aug-02,1.64,0.001366667
12-Aug-02,1.65,0.001375
13-Aug-02,1.66,0.001383333
14-Aug-02,1.66,0.001383333
15-Aug-02,1.64,0.001366667
16-Aug-02,1.64,0.001366667
19-Aug-02,1.65,0.001375
20-Aug-02,1.67,0.001391667
21-Aug-02,1.66,0.001383333
22-Aug-02,1.64,0.001366667
23-Aug-02,1.64,0.001366667
26-Aug-02,1.65,0.001375
27-Aug-02,1.67,0.001391667
28-Aug-02,1.69,0.001408333
29-Aug-02,1.69,0.001408333
30-Aug-02,1.68,0.0014
03-Sep-02,1.67,0.001391667
04-Sep-02,1.67,0.001391667
05-Sep-02,1.64,0.001366667
06-Sep-02,1.66,0.001383333
09-Sep-02,1.68,0.0014
10-Sep-02,1.69,0.001408333
11-Sep-02,1.68,0.0014
12-Sep-02,1.67,0.001391667
13-Sep-02,1.65,0.001375
16-Sep-02,1.66,0.001383333
17-Sep-02,1.67,0.001391667
18-Sep-02,1.67,0.001391667
19-Sep-02,1.61,0.001341667
20-Sep-02,1.61,0.001341667
23-Sep-02,1.63,0.001358333
24-Sep-02,1.65,0.001375
25-Sep-02,1.65,0.001375
26-Sep-02,1.64,0.001366667
27-Sep-02,1.61,0.001341667
30-Sep-02,1.58,0.001316667
01-Oct-02,1.61,0.001341667
02-Oct-02,1.59,0.001325
03-Oct-02,1.56,0.0013
04-Oct-02,1.58,0.001316667
07-Oct-02,1.59,0.001325
08-Oct-02,1.6,0.001333333
09-Oct-02,1.58,0.001316667
10-Oct-02,1.57,0.001308333
11-Oct-02,1.57,0.001308333
15-Oct-02,1.63,0.001358333
16-Oct-02,1.64,0.001366667
17-Oct-02,1.63,0.001358333
18-Oct-02,1.63,0.001358333
21-Oct-02,1.66,0.001383333
22-Oct-02,1.68,0.0014
23-Oct-02,1.66,0.001383333
24-Oct-02,1.62,0.00135
25-Oct-02,1.61,0.001341667
28-Oct-02,1.57,0.001308333
29-Oct-02,1.56,0.0013
30-Oct-02,1.54,0.001283333
31-Oct-02,1.46,0.001216667
01-Nov-02,1.42,0.001183333
04-Nov-02,1.42,0.001183333
05-Nov-02,1.42,0.001183333
06-Nov-02,1.22,0.001016667
07-Nov-02,1.18,0.000983333
08-Nov-02,1.17,0.000975
12-Nov-02,1.18,0.000983333
13-Nov-02,1.2,0.001
14-Nov-02,1.2,0.001
15-Nov-02,1.21,0.001008333
18-Nov-02,1.22,0.001016667
19-Nov-02,1.21,0.001008333
20-Nov-02,1.2,0.001
21-Nov-02,1.21,0.001008333
22-Nov-02,1.21,0.001008333
25-Nov-02,1.22,0.001016667
26-Nov-02,1.25,0.001041667
27-Nov-02,1.26,0.00105
29-Nov-02,1.23,0.001025
02-Dec-02,1.24,0.001033333
03-Dec-02,1.21,0.001008333
04-Dec-02,1.21,0.001008333
05-Dec-02,1.21,0.001008333
06-Dec-02,1.21,0.001008333
09-Dec-02,1.22,0.001016667
10-Dec-02,1.21,0.001008333
11-Dec-02,1.21,0.001008333
12-Dec-02,1.18,0.000983333
13-Dec-02,1.18,0.000983333
16-Dec-02,1.18,0.000983333
17-Dec-02,1.2,0.001
18-Dec-02,1.18,0.000983333
19-Dec-02,1.17,0.000975
20-Dec-02,1.16,0.000966667
23-Dec-02,1.13,0.000941667
24-Dec-02,1.15,0.000958333
26-Dec-02,1.12,0.000933333
27-Dec-02,1.05,0.000875
30-Dec-02,1.12,0.000933333
31-Dec-02,1.18,0.000983333
02-Jan-03,1.16,0.000966667
03-Jan-03,1.16,0.000966667
06-Jan-03,1.15,0.000958333
07-Jan-03,1.15,0.000958333
08-Jan-03,1.15,0.000958333
09-Jan-03,1.16,0.000966667
10-Jan-03,1.15,0.000958333
13-Jan-03,1.15,0.000958333
14-Jan-03,1.16,0.000966667
15-Jan-03,1.15,0.000958333
16-Jan-03,1.15,0.000958333
17-Jan-03,1.15,0.000958333
21-Jan-03,1.15,0.000958333
22-Jan-03,1.15,0.000958333
23-Jan-03,1.14,0.00095
24-Jan-03,1.12,0.000933333
27-Jan-03,1.13,0.000941667
28-Jan-03,1.17,0.000975
29-Jan-03,1.16,0.000966667
30-Jan-03,1.15,0.000958333
31-Jan-03,1.15,0.000958333
03-Feb-03,1.14,0.00095
04-Feb-03,1.16,0.000966667
05-Feb-03,1.16,0.000966667
06-Feb-03,1.15,0.000958333
07-Feb-03,1.15,0.000958333
10-Feb-03,1.15,0.000958333
11-Feb-03,1.17,0.000975
12-Feb-03,1.16,0.000966667
13-Feb-03,1.16,0.000966667
14-Feb-03,1.17,0.000975
18-Feb-03,1.17,0.000975
19-Feb-03,1.17,0.000975
20-Feb-03,1.17,0.000975
21-Feb-03,1.18,0.000983333
24-Feb-03,1.19,0.000991667
25-Feb-03,1.23,0.001025
26-Feb-03,1.24,0.001033333
27-Feb-03,1.22,0.001016667
28-Feb-03,1.19,0.000991667
03-Mar-03,1.18,0.000983333
04-Mar-03,1.21,0.001008333
05-Mar-03,1.19,0.000991667
06-Mar-03,1.18,0.000983333
07-Mar-03,1.14,0.00095
10-Mar-03,1.12,0.000933333
11-Mar-03,1.13,0.000941667
12-Mar-03,1.13,0.000941667
13-Mar-03,1.13,0.000941667
14-Mar-03,1.12,0.000933333
17-Mar-03,1.14,0.00095
18-Mar-03,1.17,0.000975
19-Mar-03,1.17,0.000975
20-Mar-03,1.17,0.000975
21-Mar-03,1.16,0.000966667
24-Mar-03,1.16,0.000966667
25-Mar-03,1.19,0.000991667
26-Mar-03,1.17,0.000975
27-Mar-03,1.16,0.000966667
28-Mar-03,1.13,0.000941667
31-Mar-03,1.14,0.00095
01-Apr-03,1.15,0.000958333
02-Apr-03,1.15,0.000958333
03-Apr-03,1.15,0.000958333
04-Apr-03,1.15,0.000958333
07-Apr-03,1.17,0.000975
08-Apr-03,1.17,0.000975
09-Apr-03,1.15,0.000958333
10-Apr-03,1.16,0.000966667
11-Apr-03,1.16,0.000966667
14-Apr-03,1.17,0.000975
15-Apr-03,1.15,0.000958333
16-Apr-03,1.13,0.000941667
17-Apr-03,1.12,0.000933333
21-Apr-03,1.12,0.000933333
22-Apr-03,1.12,0.000933333
23-Apr-03,1.12,0.000933333
24-Apr-03,1.11,0.000925
25-Apr-03,1.11,0.000925
28-Apr-03,1.11,0.000925
29-Apr-03,1.12,0.000933333
30-Apr-03,1.11,0.000925
01-May-03,1.07,0.000891667
02-May-03,1.05,0.000875
05-May-03,1.06,0.000883333
06-May-03,1.07,0.000891667
07-May-03,1.06,0.000883333
08-May-03,1.04,0.000866667
09-May-03,1.05,0.000875
12-May-03,1.05,0.000875
13-May-03,1,0.000833333
14-May-03,0.93,0.000775
15-May-03,0.96,0.0008
16-May-03,0.96,0.0008
19-May-03,0.99,0.000825
20-May-03,1,0.000833333
21-May-03,1.12,0.000933333
22-May-03,1.11,0.000925
23-May-03,1.13,0.000941667
27-May-03,1.15,0.000958333
28-May-03,1.19,0.000991667
29-May-03,1.17,0.000975
30-May-03,1.15,0.000958333
02-Jun-03,1.15,0.000958333
03-Jun-03,1.15,0.000958333
04-Jun-03,1.13,0.000941667
05-Jun-03,1.1,0.000916667
06-Jun-03,1.13,0.000941667
09-Jun-03,1.14,0.00095
10-Jun-03,1.08,0.0009
11-Jun-03,1.05,0.000875
12-Jun-03,1.01,0.000841667
13-Jun-03,0.91,0.000758333
16-Jun-03,0.92,0.000766667
17-Jun-03,0.91,0.000758333
18-Jun-03,0.89,0.000741667
19-Jun-03,0.82,0.000683333
20-Jun-03,0.8,0.000666667
23-Jun-03,0.82,0.000683333
24-Jun-03,0.81,0.000675
25-Jun-03,0.9,0.00075
26-Jun-03,0.84,0.0007
27-Jun-03,0.78,0.00065
30-Jun-03,0.78,0.00065
01-Jul-03,0.87,0.000725
02-Jul-03,0.86,0.000716667
03-Jul-03,0.86,0.000716667
07-Jul-03,0.88,0.000733333
08-Jul-03,0.9,0.00075
09-Jul-03,0.88,0.000733333
10-Jul-03,0.87,0.000725
11-Jul-03,0.87,0.000725
14-Jul-03,0.86,0.000716667
15-Jul-03,0.86,0.000716667
16-Jul-03,0.83,0.000691667
17-Jul-03,0.82,0.000683333
18-Jul-03,0.82,0.000683333
21-Jul-03,0.84,0.0007
22-Jul-03,0.87,0.000725
23-Jul-03,0.88,0.000733333
24-Jul-03,0.89,0.000741667
25-Jul-03,0.9,0.00075
28-Jul-03,0.95,0.000791667
29-Jul-03,0.97,0.000808333
30-Jul-03,0.92,0.000766667
31-Jul-03,0.89,0.000741667
01-Aug-03,0.89,0.000741667
04-Aug-03,0.89,0.000741667
05-Aug-03,0.91,0.000758333
06-Aug-03,0.9,0.00075
07-Aug-03,0.89,0.000741667
08-Aug-03,0.89,0.000741667
11-Aug-03,0.9,0.00075
12-Aug-03,0.91,0.000758333
13-Aug-03,0.93,0.000775
14-Aug-03,0.94,0.000783333
15-Aug-03,0.9,0.00075
18-Aug-03,0.95,0.000791667
19-Aug-03,0.94,0.000783333
20-Aug-03,0.92,0.000766667
21-Aug-03,0.93,0.000775
22-Aug-03,0.94,0.000783333
25-Aug-03,0.95,0.000791667
26-Aug-03,0.99,0.000825
27-Aug-03,0.98,0.000816667
28-Aug-03,0.97,0.000808333
29-Aug-03,0.96,0.0008
02-Sep-03,0.96,0.0008
03-Sep-03,0.96,0.0008
04-Sep-03,0.94,0.000783333
05-Sep-03,0.93,0.000775
08-Sep-03,0.93,0.000775
09-Sep-03,0.93,0.000775
10-Sep-03,0.92,0.000766667
11-Sep-03,0.91,0.000758333
12-Sep-03,0.89,0.000741667
15-Sep-03,0.89,0.000741667
16-Sep-03,0.89,0.000741667
17-Sep-03,0.88,0.000733333
18-Sep-03,0.87,0.000725
19-Sep-03,0.86,0.000716667
22-Sep-03,0.86,0.000716667
23-Sep-03,0.87,0.000725
24-Sep-03,0.87,0.000725
25-Sep-03,0.86,0.000716667
26-Sep-03,0.85,0.000708333
29-Sep-03,0.84,0.0007
30-Sep-03,0.86,0.000716667
01-Oct-03,0.86,0.000716667
02-Oct-03,0.84,0.0007
03-Oct-03,0.85,0.000708333
06-Oct-03,0.85,0.000708333
07-Oct-03,0.83,0.000691667
08-Oct-03,0.86,0.000716667
09-Oct-03,0.88,0.000733333
10-Oct-03,0.87,0.000725
14-Oct-03,0.87,0.000725
15-Oct-03,0.88,0.000733333
16-Oct-03,0.88,0.000733333
17-Oct-03,0.88,0.000733333
20-Oct-03,0.88,0.000733333
21-Oct-03,0.9,0.00075
22-Oct-03,0.9,0.00075
23-Oct-03,0.9,0.00075
24-Oct-03,0.9,0.00075
27-Oct-03,0.93,0.000775
28-Oct-03,0.96,0.0008
29-Oct-03,0.96,0.0008
30-Oct-03,0.95,0.000791667
31-Oct-03,0.94,0.000783333
03-Nov-03,0.95,0.000791667
04-Nov-03,0.95,0.000791667
05-Nov-03,0.94,0.000783333
06-Nov-03,0.93,0.000775
07-Nov-03,0.93,0.000775
10-Nov-03,0.9,0.00075
12-Nov-03,0.9,0.00075
13-Nov-03,0.89,0.000741667
14-Nov-03,0.9,0.00075
17-Nov-03,0.91,0.000758333
18-Nov-03,0.93,0.000775
19-Nov-03,0.92,0.000766667
20-Nov-03,0.91,0.000758333
21-Nov-03,0.91,0.000758333
24-Nov-03,0.92,0.000766667
25-Nov-03,0.95,0.000791667
26-Nov-03,0.95,0.000791667
28-Nov-03,0.94,0.000783333
01-Dec-03,0.95,0.000791667
02-Dec-03,0.94,0.000783333
03-Dec-03,0.94,0.000783333
04-Dec-03,0.92,0.000766667
05-Dec-03,0.92,0.000766667
08-Dec-03,0.92,0.000766667
09-Dec-03,0.91,0.000758333
10-Dec-03,0.9,0.00075
11-Dec-03,0.86,0.000716667
12-Dec-03,0.86,0.000716667
15-Dec-03,0.85,0.000708333
16-Dec-03,0.86,0.000716667
17-Dec-03,0.83,0.000691667
18-Dec-03,0.84,0.0007
19-Dec-03,0.86,0.000716667
22-Dec-03,0.86,0.000716667
23-Dec-03,0.87,0.000725
24-Dec-03,0.86,0.000716667
26-Dec-03,0.74,0.000616667
29-Dec-03,0.76,0.000633333
30-Dec-03,0.86,0.000716667
31-Dec-03,0.88,0.000733333
02-Jan-04,0.86,0.000716667
05-Jan-04,0.87,0.000725
06-Jan-04,0.86,0.000716667
07-Jan-04,0.86,0.000716667
08-Jan-04,0.86,0.000716667
09-Jan-04,0.86,0.000716667
12-Jan-04,0.86,0.000716667
13-Jan-04,0.85,0.000708333
14-Jan-04,0.84,0.0007
15-Jan-04,0.8,0.000666667
16-Jan-04,0.78,0.00065
20-Jan-04,0.77,0.000641667
21-Jan-04,0.8,0.000666667
22-Jan-04,0.72,0.0006
23-Jan-04,0.77,0.000641667
26-Jan-04,0.79,0.000658333
27-Jan-04,0.87,0.000725
28-Jan-04,0.87,0.000725
29-Jan-04,0.85,0.000708333
30-Jan-04,0.83,0.000691667
02-Feb-04,0.85,0.000708333
03-Feb-04,0.91,0.000758333
04-Feb-04,0.89,0.000741667
05-Feb-04,0.87,0.000725
06-Feb-04,0.87,0.000725
09-Feb-04,0.87,0.000725
10-Feb-04,0.89,0.000741667
11-Feb-04,0.87,0.000725
12-Feb-04,0.88,0.000733333
13-Feb-04,0.88,0.000733333
17-Feb-04,0.88,0.000733333
18-Feb-04,0.91,0.000758333
19-Feb-04,0.91,0.000758333
20-Feb-04,0.91,0.000758333
23-Feb-04,0.93,0.000775
24-Feb-04,0.95,0.000791667
25-Feb-04,0.94,0.000783333
26-Feb-04,0.95,0.000791667
27-Feb-04,0.93,0.000775
01-Mar-04,0.95,0.000791667
02-Mar-04,0.97,0.000808333
03-Mar-04,0.96,0.0008
04-Mar-04,0.96,0.0008
05-Mar-04,0.94,0.000783333
08-Mar-04,0.94,0.000783333
09-Mar-04,0.97,0.000808333
10-Mar-04,0.96,0.0008
11-Mar-04,0.95,0.000791667
12-Mar-04,0.95,0.000791667
15-Mar-04,0.93,0.000775
16-Mar-04,0.96,0.0008
17-Mar-04,0.93,0.000775
18-Mar-04,0.92,0.000766667
19-Mar-04,0.92,0.000766667
22-Mar-04,0.93,0.000775
23-Mar-04,0.95,0.000791667
24-Mar-04,0.94,0.000783333
25-Mar-04,0.94,0.000783333
26-Mar-04,0.93,0.000775
29-Mar-04,0.94,0.000783333
30-Mar-04,0.96,0.0008
31-Mar-04,0.95,0.000791667
01-Apr-04,0.94,0.000783333
02-Apr-04,0.92,0.000766667
05-Apr-04,0.93,0.000775
06-Apr-04,0.93,0.000775
07-Apr-04,0.93,0.000775
08-Apr-04,0.92,0.000766667
12-Apr-04,0.91,0.000758333
13-Apr-04,0.9,0.00075
14-Apr-04,0.91,0.000758333
15-Apr-04,0.91,0.000758333
16-Apr-04,0.9,0.00075
19-Apr-04,0.9,0.00075
20-Apr-04,0.92,0.000766667
21-Apr-04,0.92,0.000766667
22-Apr-04,0.79,0.000658333
23-Apr-04,0.85,0.000708333
26-Apr-04,0.86,0.000716667
27-Apr-04,0.9,0.00075
28-Apr-04,0.86,0.000716667
29-Apr-04,0.83,0.000691667
30-Apr-04,0.81,0.000675
03-May-04,0.8,0.000666667
04-May-04,0.92,0.000766667
05-May-04,0.89,0.000741667
06-May-04,0.87,0.000725
07-May-04,0.88,0.000733333
10-May-04,0.86,0.000716667
11-May-04,0.9,0.00075
12-May-04,0.88,0.000733333
13-May-04,0.86,0.000716667
14-May-04,0.85,0.000708333
17-May-04,0.87,0.000725
18-May-04,0.9,0.00075
19-May-04,0.89,0.000741667
20-May-04,0.88,0.000733333
21-May-04,0.89,0.000741667
24-May-04,0.89,0.000741667
25-May-04,0.93,0.000775
26-May-04,0.92,0.000766667
27-May-04,0.92,0.000766667
28-May-04,0.92,0.000766667
01-Jun-04,0.93,0.000775
02-Jun-04,0.95,0.000791667
03-Jun-04,0.94,0.000783333
04-Jun-04,0.93,0.000775
07-Jun-04,0.93,0.000775
08-Jun-04,1.02,0.00085
09-Jun-04,1.01,0.000841667
10-Jun-04,1,0.000833333
14-Jun-04,1.02,0.00085
15-Jun-04,1.07,0.000891667
16-Jun-04,1.03,0.000858333
17-Jun-04,1,0.000833333
18-Jun-04,1,0.000833333
21-Jun-04,0.99,0.000825
22-Jun-04,1.06,0.000883333
23-Jun-04,1.06,0.000883333
24-Jun-04,1.08,0.0009
25-Jun-04,1.08,0.0009
28-Jun-04,1.08,0.0009
29-Jun-04,1.17,0.000975
30-Jun-04,1.15,0.000958333
01-Jul-04,0.99,0.000825
02-Jul-04,1.04,0.000866667
06-Jul-04,1.07,0.000891667
07-Jul-04,1.14,0.00095
08-Jul-04,1.12,0.000933333
09-Jul-04,1.12,0.000933333
12-Jul-04,1.13,0.000941667
13-Jul-04,1.17,0.000975
14-Jul-04,1.15,0.000958333
15-Jul-04,1.12,0.000933333
16-Jul-04,1.12,0.000933333
19-Jul-04,1.12,0.000933333
20-Jul-04,1.2,0.001
21-Jul-04,1.19,0.000991667
22-Jul-04,1.19,0.000991667
23-Jul-04,1.2,0.001
26-Jul-04,1.26,0.00105
27-Jul-04,1.33,0.001108333
28-Jul-04,1.3,0.001083333
29-Jul-04,1.26,0.00105
30-Jul-04,1.24,0.001033333
02-Aug-04,1.24,0.001033333
03-Aug-04,1.35,0.001125
04-Aug-04,1.32,0.0011
05-Aug-04,1.31,0.001091667
06-Aug-04,1.34,0.001116667
09-Aug-04,1.37,0.001141667
10-Aug-04,1.4,0.001166667
11-Aug-04,1.38,0.00115
12-Aug-04,1.29,0.001075
13-Aug-04,1.3,0.001083333
16-Aug-04,1.33,0.001108333
17-Aug-04,1.36,0.001133333
18-Aug-04,1.35,0.001125
19-Aug-04,1.32,0.0011
20-Aug-04,1.31,0.001091667
23-Aug-04,1.29,0.001075
24-Aug-04,1.37,0.001141667
25-Aug-04,1.35,0.001125
26-Aug-04,1.37,0.001141667
27-Aug-04,1.4,0.001166667
30-Aug-04,1.41,0.001175
31-Aug-04,1.43,0.001191667
01-Sep-04,1.41,0.001175
02-Sep-04,1.43,0.001191667
03-Sep-04,1.46,0.001216667
07-Sep-04,1.49,0.001241667
08-Sep-04,1.55,0.001291667
09-Sep-04,1.55,0.001291667
10-Sep-04,1.58,0.001316667
13-Sep-04,1.56,0.0013
14-Sep-04,1.55,0.001291667
15-Sep-04,1.54,0.001283333
16-Sep-04,1.52,0.001266667
17-Sep-04,1.55,0.001291667
20-Sep-04,1.57,0.001308333
21-Sep-04,1.6,0.001333333
22-Sep-04,1.5,0.00125
23-Sep-04,1.5,0.00125
24-Sep-04,1.5,0.00125
27-Sep-04,1.55,0.001291667
28-Sep-04,1.6,0.001333333
29-Sep-04,1.49,0.001241667
30-Sep-04,1.44,0.0012
01-Oct-04,1.49,0.001241667
04-Oct-04,1.5,0.00125
05-Oct-04,1.54,0.001283333
06-Oct-04,1.53,0.001275
07-Oct-04,1.53,0.001275
08-Oct-04,1.53,0.001275
12-Oct-04,1.55,0.001291667
13-Oct-04,1.56,0.0013
14-Oct-04,1.57,0.001308333
15-Oct-04,1.56,0.0013
18-Oct-04,1.56,0.0013
19-Oct-04,1.6,0.001333333
20-Oct-04,1.59,0.001325
21-Oct-04,1.6,0.001333333
22-Oct-04,1.61,0.001341667
25-Oct-04,1.68,0.0014
26-Oct-04,1.79,0.001491667
27-Oct-04,1.75,0.001458333
28-Oct-04,1.68,0.0014
29-Oct-04,1.7,0.001416667
01-Nov-04,1.74,0.00145
02-Nov-04,1.83,0.001525
03-Nov-04,1.8,0.0015
04-Nov-04,1.82,0.001516667
05-Nov-04,1.82,0.001516667
08-Nov-04,1.83,0.001525
09-Nov-04,1.86,0.00155
10-Nov-04,1.85,0.001541667
12-Nov-04,1.87,0.001558333
15-Nov-04,1.87,0.001558333
16-Nov-04,1.87,0.001558333
17-Nov-04,1.84,0.001533333
18-Nov-04,1.84,0.001533333
19-Nov-04,1.94,0.001616667
22-Nov-04,1.93,0.001608333
23-Nov-04,1.96,0.001633333
24-Nov-04,1.95,0.001625
26-Nov-04,1.97,0.001641667
29-Nov-04,1.97,0.001641667
30-Nov-04,2.04,0.0017
01-Dec-04,2.02,0.001683333
02-Dec-04,2.02,0.001683333
03-Dec-04,2.02,0.001683333
06-Dec-04,2.04,0.0017
07-Dec-04,2.05,0.001708333
08-Dec-04,2.04,0.0017
09-Dec-04,2.03,0.001691667
10-Dec-04,2.03,0.001691667
13-Dec-04,1.98,0.00165
14-Dec-04,1.98,0.00165
15-Dec-04,1.94,0.001616667
16-Dec-04,1.89,0.001575
17-Dec-04,1.9,0.001583333
20-Dec-04,1.91,0.001591667
21-Dec-04,1.89,0.001575
22-Dec-04,1.8,0.0015
23-Dec-04,1.78,0.001483333
27-Dec-04,1.82,0.001516667
28-Dec-04,1.84,0.001533333
29-Dec-04,1.71,0.001425
30-Dec-04,1.62,0.00135
31-Dec-04,1.84,0.001533333
03-Jan-05,1.91,0.001591667
04-Jan-05,2.01,0.001675
05-Jan-05,2,0.001666667
06-Jan-05,1.99,0.001658333
07-Jan-05,1.98,0.00165
10-Jan-05,2,0.001666667
11-Jan-05,1.99,0.001658333
12-Jan-05,1.97,0.001641667
13-Jan-05,2.01,0.001675
14-Jan-05,2,0.001666667
18-Jan-05,1.96,0.001633333
19-Jan-05,1.9,0.001583333
20-Jan-05,1.83,0.001525
21-Jan-05,1.96,0.001633333
24-Jan-05,1.97,0.001641667
25-Jan-05,2.09,0.001741667
26-Jan-05,2.12,0.001766667
27-Jan-05,2.11,0.001758333
28-Jan-05,2.06,0.001716667
31-Jan-05,1.99,0.001658333
01-Feb-05,2.2,0.001833333
02-Feb-05,2.19,0.001825
03-Feb-05,2.15,0.001791667
04-Feb-05,2.16,0.0018
07-Feb-05,2.22,0.00185
08-Feb-05,2.3,0.001916667
09-Feb-05,2.3,0.001916667
10-Feb-05,2.31,0.001925
11-Feb-05,2.32,0.001933333
14-Feb-05,2.32,0.001933333
15-Feb-05,2.36,0.001966667
16-Feb-05,2.35,0.001958333
17-Feb-05,2.36,0.001966667
18-Feb-05,2.35,0.001958333
22-Feb-05,2.37,0.001975
23-Feb-05,2.43,0.002025
24-Feb-05,2.44,0.002033333
25-Feb-05,2.46,0.00205
28-Feb-05,2.45,0.002041667
01-Mar-05,2.51,0.002091667
02-Mar-05,2.49,0.002075
03-Mar-05,2.5,0.002083333
04-Mar-05,2.51,0.002091667
07-Mar-05,2.53,0.002108333
08-Mar-05,2.57,0.002141667
09-Mar-05,2.55,0.002125
10-Mar-05,2.55,0.002125
11-Mar-05,2.55,0.002125
14-Mar-05,2.56,0.002133333
15-Mar-05,2.66,0.002216667
16-Mar-05,2.64,0.0022
17-Mar-05,2.63,0.002191667
18-Mar-05,2.65,0.002208333
21-Mar-05,2.66,0.002216667
22-Mar-05,2.72,0.002266667
23-Mar-05,2.68,0.002233333
24-Mar-05,2.65,0.002208333
28-Mar-05,2.64,0.0022
29-Mar-05,2.66,0.002216667
30-Mar-05,2.66,0.002216667
31-Mar-05,2.58,0.00215
01-Apr-05,2.61,0.002175
04-Apr-05,2.59,0.002158333
05-Apr-05,2.59,0.002158333
06-Apr-05,2.56,0.002133333
07-Apr-05,2.57,0.002141667
08-Apr-05,2.56,0.002133333
11-Apr-05,2.55,0.002125
12-Apr-05,2.58,0.00215
13-Apr-05,2.58,0.00215
14-Apr-05,2.58,0.00215
15-Apr-05,2.58,0.00215
18-Apr-05,2.6,0.002166667
19-Apr-05,2.69,0.002241667
20-Apr-05,2.6,0.002166667
21-Apr-05,2.54,0.002116667
22-Apr-05,2.58,0.00215
25-Apr-05,2.6,0.002166667
26-Apr-05,2.66,0.002216667
27-Apr-05,2.6,0.002166667
28-Apr-05,2.55,0.002125
29-Apr-05,2.65,0.002208333
02-May-05,2.6,0.002166667
03-May-05,2.6,0.002166667
04-May-05,2.54,0.002116667
05-May-05,2.55,0.002125
06-May-05,2.59,0.002158333
09-May-05,2.59,0.002158333
10-May-05,2.55,0.002125
11-May-05,2.55,0.002125
12-May-05,2.52,0.0021
13-May-05,2.4,0.002
16-May-05,2.38,0.001983333
17-May-05,2.55,0.002125
18-May-05,2.55,0.002125
19-May-05,2.58,0.00215
20-May-05,2.6,0.002166667
23-May-05,2.61,0.002175
24-May-05,2.77,0.002308333
25-May-05,2.74,0.002283333
26-May-05,2.72,0.002266667
27-May-05,2.71,0.002258333
31-May-05,2.73,0.002275
01-Jun-05,2.74,0.002283333
02-Jun-05,2.75,0.002291667
03-Jun-05,2.76,0.0023
06-Jun-05,2.76,0.0023
07-Jun-05,2.78,0.002316667
08-Jun-05,2.78,0.002316667
09-Jun-05,2.76,0.0023
10-Jun-05,2.76,0.0023
13-Jun-05,2.75,0.002291667
14-Jun-05,2.74,0.002283333
15-Jun-05,2.73,0.002275
16-Jun-05,2.71,0.002258333
17-Jun-05,2.74,0.002283333
20-Jun-05,2.74,0.002283333
21-Jun-05,2.8,0.002333333
22-Jun-05,2.79,0.002325
23-Jun-05,2.73,0.002275
24-Jun-05,2.72,0.002266667
27-Jun-05,2.77,0.002308333
28-Jun-05,2.94,0.00245
29-Jun-05,2.9,0.002416667
30-Jun-05,2.94,0.00245
01-Jul-05,2.96,0.002466667
05-Jul-05,2.96,0.002466667
06-Jul-05,2.99,0.002491667
07-Jul-05,2.94,0.00245
08-Jul-05,2.93,0.002441667
11-Jul-05,2.91,0.002425
12-Jul-05,2.97,0.002475
13-Jul-05,2.97,0.002475
14-Jul-05,2.98,0.002483333
15-Jul-05,2.98,0.002483333
18-Jul-05,2.98,0.002483333
19-Jul-05,3.08,0.002566667
20-Jul-05,3.05,0.002541667
21-Jul-05,3.07,0.002558333
22-Jul-05,3.09,0.002575
25-Jul-05,3.12,0.0026
26-Jul-05,3.19,0.002658333
27-Jul-05,3.17,0.002641667
28-Jul-05,3.19,0.002658333
29-Jul-05,3.19,0.002658333
01-Aug-05,3.23,0.002691667
02-Aug-05,3.29,0.002741667
03-Aug-05,3.28,0.002733333
04-Aug-05,3.28,0.002733333
05-Aug-05,3.29,0.002741667
08-Aug-05,3.31,0.002758333
09-Aug-05,3.31,0.002758333
10-Aug-05,3.32,0.002766667
11-Aug-05,3.25,0.002708333
12-Aug-05,3.25,0.002708333
15-Aug-05,3.19,0.002658333
16-Aug-05,3.26,0.002716667
17-Aug-05,3.25,0.002708333
18-Aug-05,3.24,0.0027
19-Aug-05,3.26,0.002716667
22-Aug-05,3.27,0.002725
23-Aug-05,3.28,0.002733333
24-Aug-05,3.28,0.002733333
25-Aug-05,3.28,0.002733333
26-Aug-05,3.29,0.002741667
29-Aug-05,3.36,0.0028
30-Aug-05,3.34,0.002783333
31-Aug-05,3.35,0.002791667
01-Sep-05,3.29,0.002741667
02-Sep-05,3.32,0.002766667
06-Sep-05,3.32,0.002766667
07-Sep-05,3.3,0.00275
08-Sep-05,3.25,0.002708333
09-Sep-05,3.26,0.002716667
12-Sep-05,3.26,0.002716667
13-Sep-05,3.25,0.002708333
14-Sep-05,3.2,0.002666667
15-Sep-05,3.17,0.002641667
16-Sep-05,3.16,0.002633333
19-Sep-05,3.14,0.002616667
20-Sep-05,3.24,0.0027
21-Sep-05,2.96,0.002466667
22-Sep-05,2.92,0.002433333
23-Sep-05,2.99,0.002491667
26-Sep-05,3.1,0.002583333
27-Sep-05,3.1,0.002583333
28-Sep-05,3.06,0.00255
29-Sep-05,3.02,0.002516667
30-Sep-05,3.08,0.002566667
03-Oct-05,3.12,0.0026
04-Oct-05,3.29,0.002741667
05-Oct-05,3.28,0.002733333
06-Oct-05,3.27,0.002725
07-Oct-05,3.28,0.002733333
11-Oct-05,3.31,0.002758333
12-Oct-05,3.43,0.002858333
13-Oct-05,3.43,0.002858333
14-Oct-05,3.41,0.002841667
17-Oct-05,3.43,0.002858333
18-Oct-05,3.51,0.002925
19-Oct-05,3.5,0.002916667
20-Oct-05,3.38,0.002816667
21-Oct-05,3.39,0.002825
24-Oct-05,3.4,0.002833333
25-Oct-05,3.65,0.003041667
26-Oct-05,3.64,0.003033333
27-Oct-05,3.65,0.003041667
28-Oct-05,3.68,0.003066667
31-Oct-05,3.69,0.003075
01-Nov-05,3.72,0.0031
02-Nov-05,3.71,0.003091667
03-Nov-05,3.74,0.003116667
04-Nov-05,3.73,0.003108333
07-Nov-05,3.74,0.003116667
08-Nov-05,3.82,0.003183333
09-Nov-05,3.84,0.0032
10-Nov-05,3.83,0.003191667
14-Nov-05,3.86,0.003216667
15-Nov-05,3.94,0.003283333
16-Nov-05,3.93,0.003275
17-Nov-05,3.91,0.003258333
18-Nov-05,3.89,0.003241667
21-Nov-05,3.87,0.003225
22-Nov-05,3.87,0.003225
23-Nov-05,3.87,0.003225
25-Nov-05,3.85,0.003208333
28-Nov-05,3.88,0.003233333
29-Nov-05,3.92,0.003266667
30-Nov-05,3.93,0.003275
01-Dec-05,3.93,0.003275
02-Dec-05,3.94,0.003283333
05-Dec-05,3.95,0.003291667
06-Dec-05,3.77,0.003141667
07-Dec-05,3.77,0.003141667
08-Dec-05,3.6,0.003
09-Dec-05,3.54,0.00295
12-Dec-05,3.49,0.002908333
13-Dec-05,3.55,0.002958333
14-Dec-05,3.54,0.00295
15-Dec-05,3.52,0.002933333
16-Dec-05,3.47,0.002891667
19-Dec-05,3.45,0.002875
20-Dec-05,3.48,0.0029
21-Dec-05,3.48,0.0029
22-Dec-05,3.47,0.002891667
23-Dec-05,3.38,0.002816667
27-Dec-05,3.38,0.002816667
28-Dec-05,3.5,0.002916667
29-Dec-05,3.59,0.002991667
30-Dec-05,3.94,0.003283333
03-Jan-06,3.97,0.003308333
04-Jan-06,3.96,0.0033
05-Jan-06,3.97,0.003308333
06-Jan-06,3.98,0.003316667
09-Jan-06,4,0.003333333
10-Jan-06,4.08,0.0034
11-Jan-06,4.08,0.0034
12-Jan-06,4.08,0.0034
13-Jan-06,4.04,0.003366667
17-Jan-06,3.99,0.003325
18-Jan-06,3.96,0.0033
19-Jan-06,3.89,0.003241667
20-Jan-06,3.85,0.003208333
23-Jan-06,3.85,0.003208333
24-Jan-06,4.16,0.003466667
25-Jan-06,4.14,0.00345
26-Jan-06,4.08,0.0034
27-Jan-06,4.1,0.003416667
30-Jan-06,4.08,0.0034
31-Jan-06,4.3,0.003583333
01-Feb-06,4.26,0.00355
02-Feb-06,4.25,0.003541667
03-Feb-06,4.24,0.003533333
06-Feb-06,4.24,0.003533333
07-Feb-06,4.26,0.00355
08-Feb-06,4.27,0.003558333
09-Feb-06,4.25,0.003541667
10-Feb-06,4.28,0.003566667
13-Feb-06,4.29,0.003575
14-Feb-06,4.34,0.003616667
15-Feb-06,4.32,0.0036
16-Feb-06,4.31,0.003591667
17-Feb-06,4.32,0.0036
21-Feb-06,4.33,0.003608333
22-Feb-06,4.36,0.003633333
23-Feb-06,4.36,0.003633333
24-Feb-06,4.37,0.003641667
27-Feb-06,4.4,0.003666667
28-Feb-06,4.39,0.003658333
01-Mar-06,4.37,0.003641667
02-Mar-06,4.37,0.003641667
03-Mar-06,4.36,0.003633333
06-Mar-06,4.35,0.003625
07-Mar-06,4.39,0.003658333
08-Mar-06,4.37,0.003641667
09-Mar-06,4.36,0.003633333
10-Mar-06,4.37,0.003641667
13-Mar-06,4.36,0.003633333
14-Mar-06,4.41,0.003675
15-Mar-06,4.42,0.003683333
16-Mar-06,4.41,0.003675
17-Mar-06,4.42,0.003683333
20-Mar-06,4.47,0.003725
21-Mar-06,4.59,0.003825
22-Mar-06,4.59,0.003825
23-Mar-06,4.58,0.003816667
24-Mar-06,4.58,0.003816667
27-Mar-06,4.6,0.003833333
28-Mar-06,4.63,0.003858333
29-Mar-06,4.61,0.003841667
30-Mar-06,4.59,0.003825
31-Mar-06,4.57,0.003808333
03-Apr-06,4.58,0.003816667
04-Apr-06,4.56,0.0038
05-Apr-06,4.54,0.003783333
06-Apr-06,4.57,0.003808333
07-Apr-06,4.56,0.0038
10-Apr-06,4.56,0.0038
11-Apr-06,4.55,0.003791667
12-Apr-06,4.54,0.003783333
13-Apr-06,4.46,0.003716667
17-Apr-06,4.46,0.003716667
18-Apr-06,4.46,0.003716667
19-Apr-06,4.46,0.003716667
20-Apr-06,4.47,0.003725
21-Apr-06,4.49,0.003741667
24-Apr-06,4.49,0.003741667
25-Apr-06,4.55,0.003791667
26-Apr-06,4.57,0.003808333
27-Apr-06,4.56,0.0038
28-Apr-06,4.51,0.003758333
01-May-06,4.51,0.003758333
02-May-06,4.58,0.003816667
03-May-06,4.56,0.0038
04-May-06,4.52,0.003766667
05-May-06,4.52,0.003766667
08-May-06,4.53,0.003775
09-May-06,4.64,0.003866667
10-May-06,4.6,0.003833333
11-May-06,4.55,0.003791667
12-May-06,4.55,0.003791667
15-May-06,4.58,0.003816667
16-May-06,4.68,0.0039
17-May-06,4.67,0.003891667
18-May-06,4.67,0.003891667
19-May-06,4.67,0.003891667
22-May-06,4.65,0.003875
23-May-06,4.67,0.003891667
24-May-06,4.66,0.003883333
25-May-06,4.66,0.003883333
26-May-06,4.67,0.003891667
30-May-06,4.67,0.003891667
31-May-06,4.67,0.003891667
01-Jun-06,4.67,0.003891667
02-Jun-06,4.67,0.003891667
05-Jun-06,4.68,0.0039
06-Jun-06,4.72,0.003933333
07-Jun-06,4.71,0.003925
08-Jun-06,4.7,0.003916667
09-Jun-06,4.7,0.003916667
12-Jun-06,4.68,0.0039
13-Jun-06,4.64,0.003866667
14-Jun-06,4.6,0.003833333
15-Jun-06,4.51,0.003758333
16-Jun-06,4.54,0.003783333
19-Jun-06,4.57,0.003808333
20-Jun-06,4.62,0.00385
21-Jun-06,4.58,0.003816667
22-Jun-06,4.46,0.003716667
23-Jun-06,4.51,0.003758333
26-Jun-06,4.62,0.00385
27-Jun-06,4.78,0.003983333
28-Jun-06,4.7,0.003916667
29-Jun-06,4.59,0.003825
30-Jun-06,4.43,0.003691667
03-Jul-06,4.55,0.003791667
05-Jul-06,4.72,0.003933333
06-Jul-06,4.71,0.003925
07-Jul-06,4.74,0.00395
10-Jul-06,4.75,0.003958333
11-Jul-06,4.81,0.004008333
12-Jul-06,4.83,0.004025
13-Jul-06,4.79,0.003991667
14-Jul-06,4.77,0.003975
17-Jul-06,4.8,0.004
18-Jul-06,4.85,0.004041667
19-Jul-06,4.82,0.004016667
20-Jul-06,4.77,0.003975
21-Jul-06,4.78,0.003983333
24-Jul-06,4.8,0.004
25-Jul-06,4.92,0.0041
26-Jul-06,4.91,0.004091667
27-Jul-06,4.93,0.004108333
28-Jul-06,4.89,0.004075
31-Jul-06,4.93,0.004108333
01-Aug-06,5.11,0.004258333
02-Aug-06,5.11,0.004258333
03-Aug-06,5.1,0.00425
04-Aug-06,5.07,0.004225
07-Aug-06,5.1,0.00425
08-Aug-06,5.1,0.00425
09-Aug-06,5.05,0.004208333
10-Aug-06,5.04,0.0042
11-Aug-06,5.04,0.0042
14-Aug-06,5.07,0.004225
15-Aug-06,5.09,0.004241667
16-Aug-06,5.07,0.004225
17-Aug-06,5.07,0.004225
18-Aug-06,5.05,0.004208333
21-Aug-06,5.07,0.004225
22-Aug-06,5.08,0.004233333
23-Aug-06,5.08,0.004233333
24-Aug-06,5.08,0.004233333
25-Aug-06,5.09,0.004241667
28-Aug-06,5.1,0.00425
29-Aug-06,5.1,0.00425
30-Aug-06,5.08,0.004233333
31-Aug-06,5.03,0.004191667
01-Sep-06,4.99,0.004158333
05-Sep-06,4.88,0.004066667
06-Sep-06,4.8,0.004
07-Sep-06,4.8,0.004
08-Sep-06,4.75,0.003958333
11-Sep-06,4.76,0.003966667
12-Sep-06,4.67,0.003891667
13-Sep-06,4.69,0.003908333
14-Sep-06,4.72,0.003933333
15-Sep-06,4.68,0.0039
18-Sep-06,4.66,0.003883333
19-Sep-06,4.64,0.003866667
20-Sep-06,4.64,0.003866667
21-Sep-06,4.63,0.003858333
22-Sep-06,4.64,0.003866667
25-Sep-06,4.62,0.00385
26-Sep-06,4.56,0.0038
27-Sep-06,4.51,0.003758333
28-Sep-06,4.44,0.0037
29-Sep-06,4.5,0.00375
02-Oct-06,4.56,0.0038
03-Oct-06,4.62,0.00385
04-Oct-06,4.69,0.003908333
05-Oct-06,4.72,0.003933333
06-Oct-06,4.66,0.003883333
10-Oct-06,4.7,0.003916667
11-Oct-06,4.81,0.004008333
12-Oct-06,4.84,0.004033333
13-Oct-06,4.84,0.004033333
16-Oct-06,4.92,0.0041
17-Oct-06,4.97,0.004141667
18-Oct-06,4.96,0.004133333
19-Oct-06,4.93,0.004108333
20-Oct-06,4.91,0.004091667
23-Oct-06,4.96,0.004133333
24-Oct-06,5.06,0.004216667
25-Oct-06,5.05,0.004208333
26-Oct-06,5.07,0.004225
27-Oct-06,5.06,0.004216667
30-Oct-06,5.07,0.004225
31-Oct-06,5.09,0.004241667
01-Nov-06,5.1,0.00425
02-Nov-06,5.1,0.00425
03-Nov-06,5.1,0.00425
06-Nov-06,5.1,0.00425
07-Nov-06,5.11,0.004258333
08-Nov-06,5.11,0.004258333
09-Nov-06,5.11,0.004258333
10-Nov-06,5.12,0.004266667
13-Nov-06,5.1,0.00425
14-Nov-06,5.15,0.004291667
15-Nov-06,5.15,0.004291667
16-Nov-06,5.14,0.004283333
17-Nov-06,5.11,0.004258333
20-Nov-06,5.12,0.004266667
21-Nov-06,5.17,0.004308333
22-Nov-06,5.16,0.0043
24-Nov-06,5.14,0.004283333
27-Nov-06,5.16,0.0043
28-Nov-06,5.18,0.004316667
29-Nov-06,5.17,0.004308333
30-Nov-06,5.14,0.004283333
01-Dec-06,5.14,0.004283333
04-Dec-06,5.07,0.004225
05-Dec-06,4.79,0.003991667
06-Dec-06,4.82,0.004016667
07-Dec-06,4.83,0.004025
08-Dec-06,4.8,0.004
11-Dec-06,4.76,0.003966667
12-Dec-06,4.78,0.003983333
13-Dec-06,4.77,0.003975
14-Dec-06,4.78,0.003983333
15-Dec-06,4.69,0.003908333
18-Dec-06,4.7,0.003916667
19-Dec-06,4.75,0.003958333
20-Dec-06,4.78,0.003983333
21-Dec-06,4.75,0.003958333
22-Dec-06,4.73,0.003941667
26-Dec-06,4.7,0.003916667
27-Dec-06,4.66,0.003883333
28-Dec-06,4.64,0.003866667
29-Dec-06,4.65,0.003875
02-Jan-07,4.66,0.003883333
03-Jan-07,4.75,0.003958333
04-Jan-07,4.7,0.003916667
05-Jan-07,4.71,0.003925
08-Jan-07,4.75,0.003958333
09-Jan-07,4.81,0.004008333
10-Jan-07,4.85,0.004041667
11-Jan-07,4.89,0.004075
12-Jan-07,4.89,0.004075
16-Jan-07,4.9,0.004083333
17-Jan-07,4.92,0.0041
18-Jan-07,4.87,0.004058333
19-Jan-07,4.86,0.00405
22-Jan-07,4.87,0.004058333
23-Jan-07,4.93,0.004108333
24-Jan-07,4.9,0.004083333
25-Jan-07,4.87,0.004058333
26-Jan-07,4.84,0.004033333
29-Jan-07,4.84,0.004033333
30-Jan-07,4.9,0.004083333
31-Jan-07,4.91,0.004091667
01-Feb-07,4.9,0.004083333
02-Feb-07,4.92,0.0041
05-Feb-07,4.97,0.004141667
06-Feb-07,5.05,0.004208333
07-Feb-07,5.06,0.004216667
08-Feb-07,5.06,0.004216667
09-Feb-07,5.06,0.004216667
12-Feb-07,5.07,0.004225
13-Feb-07,5.15,0.004291667
14-Feb-07,5.14,0.004283333
15-Feb-07,5.14,0.004283333
16-Feb-07,5.14,0.004283333
20-Feb-07,5.15,0.004291667
21-Feb-07,5.18,0.004316667
22-Feb-07,5.17,0.004308333
23-Feb-07,5.16,0.0043
26-Feb-07,5.15,0.004291667
27-Feb-07,5.13,0.004275
28-Feb-07,5.13,0.004275
01-Mar-07,5.15,0.004291667
02-Mar-07,5.14,0.004283333
05-Mar-07,5.14,0.004283333
06-Mar-07,5.15,0.004291667
07-Mar-07,5.14,0.004283333
08-Mar-07,5.14,0.004283333
09-Mar-07,5.13,0.004275
12-Mar-07,5.14,0.004283333
13-Mar-07,5.14,0.004283333
14-Mar-07,5.14,0.004283333
15-Mar-07,5.12,0.004266667
16-Mar-07,5.09,0.004241667
19-Mar-07,5.09,0.004241667
20-Mar-07,5.13,0.004275
21-Mar-07,5.14,0.004283333
22-Mar-07,5.14,0.004283333
23-Mar-07,5.15,0.004291667
26-Mar-07,5.14,0.004283333
27-Mar-07,5.11,0.004258333
28-Mar-07,5.08,0.004233333
29-Mar-07,4.95,0.004125
30-Mar-07,4.97,0.004141667
02-Apr-07,5.03,0.004191667
03-Apr-07,5.06,0.004216667
04-Apr-07,5.06,0.004216667
05-Apr-07,5,0.004166667
06-Apr-07,5,0.004166667
09-Apr-07,4.99,0.004158333
10-Apr-07,4.91,0.004091667
11-Apr-07,4.91,0.004091667
12-Apr-07,4.9,0.004083333
13-Apr-07,4.88,0.004066667
16-Apr-07,4.87,0.004058333
17-Apr-07,4.85,0.004041667
18-Apr-07,4.84,0.004033333
19-Apr-07,4.83,0.004025
20-Apr-07,4.83,0.004025
23-Apr-07,4.83,0.004025
24-Apr-07,4.83,0.004025
25-Apr-07,4.84,0.004033333
26-Apr-07,4.81,0.004008333
27-Apr-07,4.75,0.003958333
30-Apr-07,4.69,0.003908333
01-May-07,4.59,0.003825
02-May-07,4.62,0.00385
03-May-07,4.64,0.003866667
04-May-07,4.64,0.003866667
07-May-07,4.65,0.003875
08-May-07,4.66,0.003883333
09-May-07,4.65,0.003875
10-May-07,4.67,0.003891667
11-May-07,4.65,0.003875
14-May-07,4.61,0.003841667
15-May-07,4.69,0.003908333
16-May-07,4.64,0.003866667
17-May-07,4.7,0.003916667
18-May-07,4.69,0.003908333
21-May-07,4.76,0.003966667
22-May-07,4.91,0.004091667
23-May-07,4.9,0.004083333
24-May-07,4.9,0.004083333
25-May-07,4.88,0.004066667
29-May-07,4.87,0.004058333
30-May-07,4.85,0.004041667
31-May-07,4.69,0.003908333
01-Jun-07,4.71,0.003925
04-Jun-07,4.69,0.003908333
05-Jun-07,4.66,0.003883333
06-Jun-07,4.68,0.0039
07-Jun-07,4.7,0.003916667
08-Jun-07,4.67,0.003891667
11-Jun-07,4.61,0.003841667
12-Jun-07,4.56,0.0038
13-Jun-07,4.53,0.003775
14-Jun-07,4.42,0.003683333
15-Jun-07,4.37,0.003641667
18-Jun-07,4.37,0.003641667
19-Jun-07,4.35,0.003625
20-Jun-07,4.33,0.003608333
21-Jun-07,4.07,0.003391667
22-Jun-07,4.18,0.003483333
25-Jun-07,4.3,0.003583333
26-Jun-07,4.44,0.0037
27-Jun-07,4.15,0.003458333
28-Jun-07,3.97,0.003308333
29-Jun-07,4.16,0.003466667
02-Jul-07,4.4,0.003666667
03-Jul-07,4.67,0.003891667
05-Jul-07,4.65,0.003875
06-Jul-07,4.6,0.003833333
09-Jul-07,4.54,0.003783333
10-Jul-07,4.64,0.003866667
11-Jul-07,4.63,0.003858333
12-Jul-07,4.62,0.00385
13-Jul-07,4.61,0.003841667
16-Jul-07,4.62,0.00385
17-Jul-07,4.67,0.003891667
18-Jul-07,4.67,0.003891667
19-Jul-07,4.67,0.003891667
20-Jul-07,4.65,0.003875
23-Jul-07,4.76,0.003966667
24-Jul-07,4.95,0.004125
25-Jul-07,4.94,0.004116667
26-Jul-07,4.89,0.004075
27-Jul-07,4.8,0.004
30-Jul-07,4.85,0.004041667
31-Jul-07,5.03,0.004191667
01-Aug-07,4.96,0.004133333
02-Aug-07,4.93,0.004108333
03-Aug-07,4.85,0.004041667
06-Aug-07,4.83,0.004025
07-Aug-07,4.95,0.004125
08-Aug-07,4.94,0.004116667
09-Aug-07,4.6,0.003833333
10-Aug-07,4.28,0.003566667
13-Aug-07,4.51,0.003758333
14-Aug-07,4.53,0.003775
15-Aug-07,4.1,0.003416667
16-Aug-07,3.03,0.002525
17-Aug-07,2.91,0.002425
20-Aug-07,2.35,0.001958333
21-Aug-07,3.1,0.002583333
22-Aug-07,3.04,0.002533333
23-Aug-07,3.71,0.003091667
24-Aug-07,4.16,0.003466667
27-Aug-07,4.67,0.003891667
28-Aug-07,4.51,0.003758333
29-Aug-07,3.94,0.003283333
30-Aug-07,3.62,0.003016667
31-Aug-07,3.95,0.003291667
04-Sep-07,4.48,0.003733333
05-Sep-07,4.32,0.0036
06-Sep-07,4.2,0.0035
07-Sep-07,3.95,0.003291667
10-Sep-07,3.86,0.003216667
11-Sep-07,4.05,0.003375
12-Sep-07,3.92,0.003266667
13-Sep-07,3.96,0.0033
14-Sep-07,3.77,0.003141667
17-Sep-07,3.71,0.003091667
18-Sep-07,3.8,0.003166667
19-Sep-07,3.54,0.00295
20-Sep-07,3.38,0.002816667
21-Sep-07,3.15,0.002625
24-Sep-07,3.22,0.002683333
25-Sep-07,3.28,0.002733333
26-Sep-07,3.18,0.00265
27-Sep-07,3.22,0.002683333
28-Sep-07,3.34,0.002783333
01-Oct-07,3.39,0.002825
02-Oct-07,3.55,0.002958333
03-Oct-07,3.59,0.002991667
04-Oct-07,3.54,0.00295
05-Oct-07,3.48,0.0029
09-Oct-07,3.59,0.002991667
10-Oct-07,3.73,0.003108333
11-Oct-07,3.9,0.00325
12-Oct-07,4.04,0.003366667
15-Oct-07,4.16,0.003466667
16-Oct-07,4.06,0.003383333
17-Oct-07,3.66,0.00305
18-Oct-07,3.12,0.0026
19-Oct-07,3.35,0.002791667
22-Oct-07,3.58,0.002983333
23-Oct-07,3.9,0.00325
24-Oct-07,3.76,0.003133333
25-Oct-07,3.84,0.0032
26-Oct-07,3.9,0.00325
29-Oct-07,3.88,0.003233333
30-Oct-07,3.95,0.003291667
31-Oct-07,3.93,0.003275
01-Nov-07,3.83,0.003191667
02-Nov-07,3.67,0.003058333
05-Nov-07,3.81,0.003175
06-Nov-07,3.91,0.003258333
07-Nov-07,3.71,0.003091667
08-Nov-07,3.5,0.002916667
09-Nov-07,3.37,0.002808333
13-Nov-07,3.71,0.003091667
14-Nov-07,3.8,0.003166667
15-Nov-07,3.69,0.003075
16-Nov-07,3.74,0.003116667
19-Nov-07,3.72,0.0031
20-Nov-07,3.58,0.002983333
21-Nov-07,3.48,0.0029
23-Nov-07,3.61,0.003008333
26-Nov-07,3.53,0.002941667
27-Nov-07,3.61,0.003008333
28-Nov-07,3.47,0.002891667
29-Nov-07,3.34,0.002783333
30-Nov-07,3.6,0.003
03-Dec-07,3.57,0.002975
04-Dec-07,3.1,0.002583333
05-Dec-07,3.1,0.002583333
06-Dec-07,3.03,0.002525
07-Dec-07,2.98,0.002483333
10-Dec-07,2.99,0.002491667
11-Dec-07,2.84,0.002366667
12-Dec-07,2.84,0.002366667
13-Dec-07,2.64,0.0022
14-Dec-07,2.55,0.002125
17-Dec-07,2.69,0.002241667
18-Dec-07,2.7,0.00225
19-Dec-07,2.6,0.002166667
20-Dec-07,2.34,0.00195
21-Dec-07,2.35,0.001958333
24-Dec-07,2.61,0.002175
26-Dec-07,2.97,0.002475
27-Dec-07,2.78,0.002316667
28-Dec-07,2.47,0.002058333
31-Dec-07,2.61,0.002175
02-Jan-08,3.02,0.002516667
03-Jan-08,3.13,0.002608333
04-Jan-08,3.16,0.002633333
07-Jan-08,3.21,0.002675
08-Jan-08,3.25,0.002708333
09-Jan-08,3.28,0.002733333
10-Jan-08,3.32,0.002766667
11-Jan-08,3.18,0.00265
14-Jan-08,3.14,0.002616667
15-Jan-08,3.09,0.002575
16-Jan-08,3.08,0.002566667
17-Jan-08,3.01,0.002508333
18-Jan-08,2.56,0.002133333
22-Jan-08,2.08,0.001733333
23-Jan-08,2.03,0.001691667
24-Jan-08,2.14,0.001783333
25-Jan-08,2.01,0.001675
28-Jan-08,2.05,0.001708333
29-Jan-08,2.09,0.001741667
30-Jan-08,1.89,0.001575
31-Jan-08,1.6,0.001333333
01-Feb-08,1.7,0.001416667
04-Feb-08,2.1,0.00175
05-Feb-08,2.18,0.001816667
06-Feb-08,2.08,0.001733333
07-Feb-08,2.15,0.001791667
08-Feb-08,2.2,0.001833333
11-Feb-08,2.31,0.001925
12-Feb-08,2.5,0.002083333
13-Feb-08,2.45,0.002041667
14-Feb-08,2.46,0.00205
15-Feb-08,2.36,0.001966667
19-Feb-08,2.34,0.00195
20-Feb-08,2.36,0.001966667
21-Feb-08,2.31,0.001925
22-Feb-08,2.29,0.001908333
25-Feb-08,2.31,0.001925
26-Feb-08,2.3,0.001916667
27-Feb-08,2.17,0.001808333
28-Feb-08,2.05,0.001708333
29-Feb-08,2.04,0.0017
03-Mar-08,2.01,0.001675
04-Mar-08,1.99,0.001658333
05-Mar-08,1.9,0.001583333
06-Mar-08,1.73,0.001441667
07-Mar-08,1.65,0.001375
10-Mar-08,1.66,0.001383333
11-Mar-08,1.8,0.0015
12-Mar-08,1.67,0.001391667
13-Mar-08,1.55,0.001291667
14-Mar-08,1.18,0.000983333
17-Mar-08,1.15,0.000958333
18-Mar-08,0.7,0.000583333
19-Mar-08,0.25,0.000208333
20-Mar-08,0.35,0.000291667
24-Mar-08,0.58,0.000483333
25-Mar-08,1.45,0.001208333
26-Mar-08,1.34,0.001116667
27-Mar-08,1.3,0.001083333
28-Mar-08,1.27,0.001058333
31-Mar-08,1.18,0.000983333
01-Apr-08,1.53,0.001275
02-Apr-08,1.53,0.001275
03-Apr-08,1.55,0.001291667
04-Apr-08,1.49,0.001241667
07-Apr-08,1.4,0.001166667
08-Apr-08,1.32,0.0011
09-Apr-08,1.04,0.000866667
10-Apr-08,0.95,0.000791667
11-Apr-08,0.87,0.000725
14-Apr-08,0.82,0.000683333
15-Apr-08,0.83,0.000691667
16-Apr-08,0.84,0.0007
17-Apr-08,0.84,0.0007
18-Apr-08,0.86,0.000716667
21-Apr-08,0.83,0.000691667
22-Apr-08,0.71,0.000591667
23-Apr-08,0.76,0.000633333
24-Apr-08,0.78,0.00065
25-Apr-08,0.76,0.000633333
28-Apr-08,0.86,0.000716667
29-Apr-08,1.26,0.00105
30-Apr-08,1.15,0.000958333
01-May-08,1.2,0.001
02-May-08,1.21,0.001008333
05-May-08,1.3,0.001083333
06-May-08,1.51,0.001258333
07-May-08,1.54,0.001283333
08-May-08,1.52,0.001266667
09-May-08,1.57,0.001308333
12-May-08,1.7,0.001416667
13-May-08,1.83,0.001525
14-May-08,1.83,0.001525
15-May-08,1.81,0.001508333
16-May-08,1.82,0.001516667
19-May-08,1.92,0.0016
20-May-08,1.94,0.001616667
21-May-08,1.93,0.001608333
22-May-08,1.95,0.001625
23-May-08,1.9,0.001583333
27-May-08,1.89,0.001575
28-May-08,2.05,0.001708333
29-May-08,2,0.001666667
30-May-08,1.96,0.001633333
02-Jun-08,1.92,0.0016
03-Jun-08,1.93,0.001608333
04-Jun-08,1.82,0.001516667
05-Jun-08,1.76,0.001466667
06-Jun-08,1.72,0.001433333
09-Jun-08,1.77,0.001475
10-Jun-08,1.97,0.001641667
11-Jun-08,1.88,0.001566667
12-Jun-08,1.89,0.001575
13-Jun-08,1.83,0.001525
16-Jun-08,1.85,0.001541667
17-Jun-08,1.79,0.001491667
18-Jun-08,1.67,0.001391667
19-Jun-08,1.56,0.0013
20-Jun-08,1.45,0.001208333
23-Jun-08,1.49,0.001241667
24-Jun-08,1.56,0.0013
25-Jun-08,1.46,0.001216667
26-Jun-08,1.39,0.001158333
27-Jun-08,1.25,0.001041667
30-Jun-08,1.54,0.001283333
01-Jul-08,1.89,0.001575
02-Jul-08,1.84,0.001533333
03-Jul-08,1.83,0.001525
07-Jul-08,1.77,0.001475
08-Jul-08,1.83,0.001525
09-Jul-08,1.79,0.001491667
10-Jul-08,1.45,0.001208333
11-Jul-08,1.35,0.001125
14-Jul-08,1.39,0.001158333
15-Jul-08,1.47,0.001225
16-Jul-08,1.34,0.001116667
17-Jul-08,1.29,0.001075
18-Jul-08,1.25,0.001041667
21-Jul-08,1.29,0.001075
22-Jul-08,1.48,0.001233333
23-Jul-08,1.57,0.001308333
24-Jul-08,1.67,0.001391667
25-Jul-08,1.7,0.001416667
28-Jul-08,1.65,0.001375
29-Jul-08,1.7,0.001416667
30-Jul-08,1.64,0.001366667
31-Jul-08,1.52,0.001266667
01-Aug-08,1.49,0.001241667
04-Aug-08,1.57,0.001308333
05-Aug-08,1.7,0.001416667
06-Aug-08,1.5,0.00125
07-Aug-08,1.5,0.00125
08-Aug-08,1.6,0.001333333
11-Aug-08,1.73,0.001441667
12-Aug-08,1.7,0.001416667
13-Aug-08,1.77,0.001475
14-Aug-08,1.73,0.001441667
15-Aug-08,1.7,0.001416667
18-Aug-08,1.74,0.00145
19-Aug-08,1.8,0.0015
20-Aug-08,1.72,0.001433333
21-Aug-08,1.71,0.001425
22-Aug-08,1.65,0.001375
25-Aug-08,1.63,0.001358333
26-Aug-08,1.65,0.001375
27-Aug-08,1.56,0.0013
28-Aug-08,1.6,0.001333333
29-Aug-08,1.6,0.001333333
02-Sep-08,1.61,0.001341667
03-Sep-08,1.54,0.001283333
04-Sep-08,1.53,0.001275
05-Sep-08,1.5,0.00125
08-Sep-08,1.56,0.0013
09-Sep-08,1.57,0.001308333
10-Sep-08,1.56,0.0013
11-Sep-08,1.51,0.001258333
12-Sep-08,1.35,0.001125
15-Sep-08,0.28,0.000233333
16-Sep-08,0.23,0.000191667
17-Sep-08,0.07,5.83333E-05
18-Sep-08,0.26,0.000216667
19-Sep-08,0.73,0.000608333
22-Sep-08,0.69,0.000575
23-Sep-08,0.3,0.00025
24-Sep-08,0.12,0.0001
25-Sep-08,0.38,0.000316667
26-Sep-08,0.17,0.000141667
29-Sep-08,0.06,0.00005
30-Sep-08,1.01,0.000841667
01-Oct-08,0.65,0.000541667
02-Oct-08,0.19,0.000158333
03-Oct-08,0.13,0.000108333
06-Oct-08,0.15,0.000125
07-Oct-08,0.38,0.000316667
08-Oct-08,0.21,0.000175
09-Oct-08,0.17,0.000141667
10-Oct-08,0.06,0.00005
14-Oct-08,0.05,4.16667E-05
15-Oct-08,0.05,4.16667E-05
16-Oct-08,0.1,8.33333E-05
17-Oct-08,0.07,5.83333E-05
20-Oct-08,0.42,0.00035
21-Oct-08,0.69,0.000575
22-Oct-08,0.57,0.000475
23-Oct-08,0.35,0.000291667
24-Oct-08,0.28,0.000233333
27-Oct-08,0.23,0.000191667
28-Oct-08,0.41,0.000341667
29-Oct-08,0.4,0.000333333
30-Oct-08,0.13,0.000108333
31-Oct-08,0.11,9.16667E-05
03-Nov-08,0.18,0.00015
04-Nov-08,0.29,0.000241667
05-Nov-08,0.15,0.000125
06-Nov-08,0.13,0.000108333
07-Nov-08,0.12,0.0001
10-Nov-08,0.1,8.33333E-05
12-Nov-08,0.1,8.33333E-05
13-Nov-08,0.08,6.66667E-05
14-Nov-08,0.06,0.00005
17-Nov-08,0.06,0.00005
18-Nov-08,0.1,8.33333E-05
19-Nov-08,0.09,0.000075
20-Nov-08,0.05,4.16667E-05
21-Nov-08,0.03,0.000025
24-Nov-08,0.01,8.33333E-06
25-Nov-08,0.04,3.33333E-05
26-Nov-08,0.02,1.66667E-05
28-Nov-08,0.02,1.66667E-05
01-Dec-08,0.09,0.000075
02-Dec-08,0.04,3.33333E-05
03-Dec-08,0.02,1.66667E-05
04-Dec-08,0.01,8.33333E-06
05-Dec-08,0.02,1.66667E-05
08-Dec-08,0.01,8.33333E-06
09-Dec-08,0.04,3.33333E-05
10-Dec-08,0,0
11-Dec-08,-0.01,-8.33333E-06
12-Dec-08,0.03,0.000025
15-Dec-08,0,0
16-Dec-08,0.05,4.16667E-05
17-Dec-08,0.03,0.000025
18-Dec-08,0.03,0.000025
19-Dec-08,-0.01,-8.33333E-06
22-Dec-08,0.01,8.33333E-06
23-Dec-08,0.01,8.33333E-06
24-Dec-08,0,0
26-Dec-08,0.01,8.33333E-06
29-Dec-08,0.04,3.33333E-05
30-Dec-08,0.11,9.16667E-05
31-Dec-08,0.11,9.16667E-05
02-Jan-09,0.04,3.33333E-05
05-Jan-09,0.04,3.33333E-05
06-Jan-09,0.05,4.16667E-05
07-Jan-09,0.03,0.000025
08-Jan-09,0.04,3.33333E-05
09-Jan-09,0.03,0.000025
12-Jan-09,0.03,0.000025
13-Jan-09,0.02,1.66667E-05
14-Jan-09,0.07,5.83333E-05
15-Jan-09,0.03,0.000025
16-Jan-09,0.04,3.33333E-05
20-Jan-09,0.03,0.000025
21-Jan-09,0.03,0.000025
22-Jan-09,0.03,0.000025
23-Jan-09,0.03,0.000025
26-Jan-09,0.01,8.33333E-06
27-Jan-09,0.05,4.16667E-05
28-Jan-09,0.08,6.66667E-05
29-Jan-09,0.14,0.000116667
30-Jan-09,0.14,0.000116667
02-Feb-09,0.18,0.00015
03-Feb-09,0.28,0.000233333
04-Feb-09,0.26,0.000216667
05-Feb-09,0.21,0.000175
06-Feb-09,0.21,0.000175
09-Feb-09,0.21,0.000175
10-Feb-09,0.24,0.0002
11-Feb-09,0.22,0.000183333
12-Feb-09,0.25,0.000208333
13-Feb-09,0.23,0.000191667
17-Feb-09,0.25,0.000208333
18-Feb-09,0.23,0.000191667
19-Feb-09,0.22,0.000183333
20-Feb-09,0.19,0.000158333
23-Feb-09,0.18,0.00015
24-Feb-09,0.22,0.000183333
25-Feb-09,0.21,0.000175
26-Feb-09,0.18,0.00015
27-Feb-09,0.16,0.000133333
02-Mar-09,0.15,0.000125
03-Mar-09,0.14,0.000116667
04-Mar-09,0.14,0.000116667
05-Mar-09,0.1,8.33333E-05
06-Mar-09,0.08,6.66667E-05
09-Mar-09,0.11,9.16667E-05
10-Mar-09,0.14,0.000116667
11-Mar-09,0.14,0.000116667
12-Mar-09,0.1,8.33333E-05
13-Mar-09,0.08,6.66667E-05
16-Mar-09,0.09,0.000075
17-Mar-09,0.14,0.000116667
18-Mar-09,0.15,0.000125
19-Mar-09,0.09,0.000075
20-Mar-09,0.08,6.66667E-05
23-Mar-09,0.08,6.66667E-05
24-Mar-09,0.05,4.16667E-05
25-Mar-09,0.02,1.66667E-05
26-Mar-09,0.01,8.33333E-06
27-Mar-09,0.02,1.66667E-05
30-Mar-09,0.04,3.33333E-05
31-Mar-09,0.17,0.000141667
01-Apr-09,0.18,0.00015
02-Apr-09,0.17,0.000141667
03-Apr-09,0.16,0.000133333
06-Apr-09,0.16,0.000133333
07-Apr-09,0.17,0.000141667
08-Apr-09,0.15,0.000125
09-Apr-09,0.13,0.000108333
13-Apr-09,0.12,0.0001
14-Apr-09,0.09,0.000075
15-Apr-09,0.07,5.83333E-05
16-Apr-09,0.02,1.66667E-05
17-Apr-09,0.04,3.33333E-05
20-Apr-09,0.03,0.000025
21-Apr-09,0.07,5.83333E-05
22-Apr-09,0.08,6.66667E-05
23-Apr-09,0.08,6.66667E-05
24-Apr-09,0.07,5.83333E-05
27-Apr-09,0.07,5.83333E-05
28-Apr-09,0.05,4.16667E-05
29-Apr-09,0.04,3.33333E-05
30-Apr-09,0.04,3.33333E-05
01-May-09,0.05,4.16667E-05
04-May-09,0.13,0.000108333
05-May-09,0.14,0.000116667
06-May-09,0.14,0.000116667
07-May-09,0.15,0.000125
08-May-09,0.15,0.000125
11-May-09,0.16,0.000133333
12-May-09,0.16,0.000133333
13-May-09,0.15,0.000125
14-May-09,0.1,8.33333E-05
15-May-09,0.11,9.16667E-05
18-May-09,0.11,9.16667E-05
19-May-09,0.14,0.000116667
20-May-09,0.18,0.00015
21-May-09,0.13,0.000108333
22-May-09,0.13,0.000108333
26-May-09,0.12,0.0001
27-May-09,0.18,0.00015
28-May-09,0.14,0.000116667
29-May-09,0.14,0.000116667
01-Jun-09,0.13,0.000108333
02-Jun-09,0.06,0.00005
03-Jun-09,0.08,6.66667E-05
04-Jun-09,0.08,6.66667E-05
05-Jun-09,0.07,5.83333E-05
08-Jun-09,0.07,5.83333E-05
09-Jun-09,0.09,0.000075
10-Jun-09,0.11,9.16667E-05
11-Jun-09,0.09,0.000075
12-Jun-09,0.07,5.83333E-05
15-Jun-09,0.07,5.83333E-05
16-Jun-09,0.09,0.000075
17-Jun-09,0.11,9.16667E-05
18-Jun-09,0.12,0.0001
19-Jun-09,0.1,8.33333E-05
22-Jun-09,0.11,9.16667E-05
23-Jun-09,0.15,0.000125
24-Jun-09,0.1,8.33333E-05
25-Jun-09,0.06,0.00005
26-Jun-09,0.06,0.00005
29-Jun-09,0.1,8.33333E-05
30-Jun-09,0.17,0.000141667
01-Jul-09,0.13,0.000108333
02-Jul-09,0.15,0.000125
06-Jul-09,0.15,0.000125
07-Jul-09,0.16,0.000133333
08-Jul-09,0.15,0.000125
09-Jul-09,0.16,0.000133333
10-Jul-09,0.15,0.000125
13-Jul-09,0.15,0.000125
14-Jul-09,0.15,0.000125
15-Jul-09,0.11,9.16667E-05
16-Jul-09,0.15,0.000125
17-Jul-09,0.15,0.000125
20-Jul-09,0.15,0.000125
21-Jul-09,0.16,0.000133333
22-Jul-09,0.15,0.000125
23-Jul-09,0.15,0.000125
24-Jul-09,0.15,0.000125
27-Jul-09,0.14,0.000116667
28-Jul-09,0.14,0.000116667
29-Jul-09,0.14,0.000116667
30-Jul-09,0.14,0.000116667
31-Jul-09,0.14,0.000116667
03-Aug-09,0.14,0.000116667
04-Aug-09,0.15,0.000125
05-Aug-09,0.15,0.000125
06-Aug-09,0.15,0.000125
07-Aug-09,0.14,0.000116667
10-Aug-09,0.14,0.000116667
11-Aug-09,0.14,0.000116667
12-Aug-09,0.14,0.000116667
13-Aug-09,0.1,8.33333E-05
14-Aug-09,0.09,0.000075
17-Aug-09,0.1,8.33333E-05
18-Aug-09,0.14,0.000116667
19-Aug-09,0.1,8.33333E-05
20-Aug-09,0.11,9.16667E-05
21-Aug-09,0.1,8.33333E-05
24-Aug-09,0.1,8.33333E-05
25-Aug-09,0.12,0.0001
26-Aug-09,0.11,9.16667E-05
27-Aug-09,0.11,9.16667E-05
28-Aug-09,0.11,9.16667E-05
31-Aug-09,0.11,9.16667E-05
01-Sep-09,0.08,6.66667E-05
02-Sep-09,0.09,0.000075
03-Sep-09,0.09,0.000075
04-Sep-09,0.09,0.000075
08-Sep-09,0.09,0.000075
09-Sep-09,0.09,0.000075
10-Sep-09,0.08,6.66667E-05
11-Sep-09,0.08,6.66667E-05
14-Sep-09,0.07,5.83333E-05
15-Sep-09,0.05,4.16667E-05
16-Sep-09,0.03,0.000025
17-Sep-09,0.03,0.000025
18-Sep-09,0.03,0.000025
21-Sep-09,0.04,3.33333E-05
22-Sep-09,0.05,4.16667E-05
23-Sep-09,0.05,4.16667E-05
24-Sep-09,0.03,0.000025
25-Sep-09,0.03,0.000025
28-Sep-09,0.02,1.66667E-05
29-Sep-09,0.07,5.83333E-05
30-Sep-09,0.06,0.00005
01-Oct-09,0.03,0.000025
02-Oct-09,0.03,0.000025
05-Oct-09,0.03,0.000025
06-Oct-09,0.05,4.16667E-05
07-Oct-09,0.06,0.00005
08-Oct-09,0.03,0.000025
09-Oct-09,0.04,3.33333E-05
13-Oct-09,0.04,3.33333E-05
14-Oct-09,0.05,4.16667E-05
15-Oct-09,0.06,0.00005
16-Oct-09,0.06,0.00005
19-Oct-09,0.06,0.00005
20-Oct-09,0.05,4.16667E-05
21-Oct-09,0.05,4.16667E-05
22-Oct-09,0.02,1.66667E-05
23-Oct-09,0.02,1.66667E-05
26-Oct-09,0.04,3.33333E-05
27-Oct-09,0.05,4.16667E-05
28-Oct-09,0.04,3.33333E-05
29-Oct-09,0.02,1.66667E-05
30-Oct-09,0.01,8.33333E-06
02-Nov-09,0.03,0.000025
03-Nov-09,0.04,3.33333E-05
04-Nov-09,0.05,4.16667E-05
05-Nov-09,0.06,0.00005
06-Nov-09,0.06,0.00005
09-Nov-09,0.06,0.00005
10-Nov-09,0.06,0.00005
12-Nov-09,0.06,0.00005
13-Nov-09,0.05,4.16667E-05
16-Nov-09,0.05,4.16667E-05
17-Nov-09,0.05,4.16667E-05
18-Nov-09,0.04,3.33333E-05
19-Nov-09,0.03,0.000025
20-Nov-09,0.04,3.33333E-05
23-Nov-09,0.05,4.16667E-05
24-Nov-09,0.06,0.00005
25-Nov-09,0.07,5.83333E-05
27-Nov-09,0.06,0.00005
30-Nov-09,0.08,6.66667E-05
01-Dec-09,0.09,0.000075
02-Dec-09,0.08,6.66667E-05
03-Dec-09,0.09,0.000075
04-Dec-09,0.08,6.66667E-05
07-Dec-09,0.08,6.66667E-05
08-Dec-09,0.02,1.66667E-05
09-Dec-09,0.01,8.33333E-06
10-Dec-09,0.01,8.33333E-06
11-Dec-09,0.01,8.33333E-06
14-Dec-09,0.02,1.66667E-05
15-Dec-09,0.02,1.66667E-05
16-Dec-09,0.02,1.66667E-05
17-Dec-09,0.01,8.33333E-06
18-Dec-09,0.01,8.33333E-06
21-Dec-09,0,0
22-Dec-09,0.01,8.33333E-06
23-Dec-09,0.01,8.33333E-06
24-Dec-09,0.02,1.66667E-05
28-Dec-09,0.02,1.66667E-05
29-Dec-09,0.02,1.66667E-05
30-Dec-09,0.02,1.66667E-05
31-Dec-09,0.04,3.33333E-05
04-Jan-10,0.05,4.16667E-05
05-Jan-10,0.03,0.000025
06-Jan-10,0.03,0.000025
07-Jan-10,0.02,1.66667E-05
08-Jan-10,0.02,1.66667E-05
11-Jan-10,0.01,8.33333E-06
12-Jan-10,0.02,1.66667E-05
13-Jan-10,0.02,1.66667E-05
14-Jan-10,0.02,1.66667E-05
15-Jan-10,0.03,0.000025
19-Jan-10,0.03,0.000025
20-Jan-10,0.03,0.000025
21-Jan-10,0.02,1.66667E-05
22-Jan-10,0.02,1.66667E-05
25-Jan-10,0.02,1.66667E-05
26-Jan-10,0.02,1.66667E-05
27-Jan-10,0.01,8.33333E-06
28-Jan-10,0.01,8.33333E-06
29-Jan-10,0.02,1.66667E-05
01-Feb-10,0.05,4.16667E-05
02-Feb-10,0.04,3.33333E-05
03-Feb-10,0.05,4.16667E-05
04-Feb-10,0.04,3.33333E-05
05-Feb-10,0.03,0.000025
08-Feb-10,0.03,0.000025
09-Feb-10,0.05,4.16667E-05
10-Feb-10,0.06,0.00005
11-Feb-10,0.05,4.16667E-05
12-Feb-10,0.04,3.33333E-05
16-Feb-10,0.04,3.33333E-05
17-Feb-10,0.07,5.83333E-05
18-Feb-10,0.07,5.83333E-05
19-Feb-10,0.06,0.00005
22-Feb-10,0.06,0.00005
23-Feb-10,0.08,6.66667E-05
24-Feb-10,0.08,6.66667E-05
25-Feb-10,0.09,0.000075
26-Feb-10,0.09,0.000075
01-Mar-10,0.08,6.66667E-05
02-Mar-10,0.09,0.000075
03-Mar-10,0.09,0.000075
04-Mar-10,0.09,0.000075
05-Mar-10,0.1,8.33333E-05
08-Mar-10,0.1,8.33333E-05
09-Mar-10,0.12,0.0001
10-Mar-10,0.12,0.0001
11-Mar-10,0.12,0.0001
12-Mar-10,0.1,8.33333E-05
15-Mar-10,0.11,9.16667E-05
16-Mar-10,0.14,0.000116667
17-Mar-10,0.13,0.000108333
18-Mar-10,0.14,0.000116667
19-Mar-10,0.13,0.000108333
22-Mar-10,0.13,0.000108333
23-Mar-10,0.11,9.16667E-05
24-Mar-10,0.12,0.0001
25-Mar-10,0.12,0.0001
26-Mar-10,0.11,9.16667E-05
29-Mar-10,0.11,9.16667E-05
30-Mar-10,0.13,0.000108333
31-Mar-10,0.15,0.000125
01-Apr-10,0.16,0.000133333
02-Apr-10,0.15,0.000125
05-Apr-10,0.16,0.000133333
06-Apr-10,0.17,0.000141667
07-Apr-10,0.16,0.000133333
08-Apr-10,0.16,0.000133333
09-Apr-10,0.16,0.000133333
12-Apr-10,0.15,0.000125
13-Apr-10,0.15,0.000125
14-Apr-10,0.15,0.000125
15-Apr-10,0.16,0.000133333
16-Apr-10,0.15,0.000125
19-Apr-10,0.15,0.000125
20-Apr-10,0.14,0.000116667
21-Apr-10,0.14,0.000116667
22-Apr-10,0.15,0.000125
23-Apr-10,0.14,0.000116667
26-Apr-10,0.14,0.000116667
27-Apr-10,0.14,0.000116667
28-Apr-10,0.14,0.000116667
29-Apr-10,0.15,0.000125
30-Apr-10,0.14,0.000116667
03-May-10,0.14,0.000116667
04-May-10,0.15,0.000125
05-May-10,0.14,0.000116667
06-May-10,0.06,0.00005
07-May-10,0.08,6.66667E-05
10-May-10,0.13,0.000108333
11-May-10,0.15,0.000125
12-May-10,0.16,0.000133333
13-May-10,0.15,0.000125
14-May-10,0.15,0.000125
17-May-10,0.16,0.000133333
18-May-10,0.17,0.000141667
19-May-10,0.17,0.000141667
20-May-10,0.17,0.000141667
21-May-10,0.17,0.000141667
24-May-10,0.16,0.000133333
25-May-10,0.16,0.000133333
26-May-10,0.16,0.000133333
27-May-10,0.16,0.000133333
28-May-10,0.15,0.000125
01-Jun-10,0.14,0.000116667
02-Jun-10,0.13,0.000108333
03-Jun-10,0.13,0.000108333
04-Jun-10,0.12,0.0001
07-Jun-10,0.1,8.33333E-05
08-Jun-10,0.1,8.33333E-05
09-Jun-10,0.08,6.66667E-05
10-Jun-10,0.06,0.00005
11-Jun-10,0.04,3.33333E-05
14-Jun-10,0.02,1.66667E-05
15-Jun-10,0.03,0.000025
16-Jun-10,0.06,0.00005
17-Jun-10,0.05,4.16667E-05
18-Jun-10,0.04,3.33333E-05
21-Jun-10,0.04,3.33333E-05
22-Jun-10,0.08,6.66667E-05
23-Jun-10,0.07,5.83333E-05
24-Jun-10,0.07,5.83333E-05
25-Jun-10,0.04,3.33333E-05
28-Jun-10,0.06,0.00005
29-Jun-10,0.09,0.000075
30-Jun-10,0.17,0.000141667
01-Jul-10,0.16,0.000133333
02-Jul-10,0.16,0.000133333
06-Jul-10,0.17,0.000141667
07-Jul-10,0.17,0.000141667
08-Jul-10,0.17,0.000141667
09-Jul-10,0.16,0.000133333
12-Jul-10,0.16,0.000133333
13-Jul-10,0.16,0.000133333
14-Jul-10,0.16,0.000133333
15-Jul-10,0.16,0.000133333
16-Jul-10,0.14,0.000116667
19-Jul-10,0.15,0.000125
20-Jul-10,0.16,0.000133333
21-Jul-10,0.16,0.000133333
22-Jul-10,0.15,0.000125
23-Jul-10,0.15,0.000125
26-Jul-10,0.15,0.000125
27-Jul-10,0.16,0.000133333
28-Jul-10,0.15,0.000125
29-Jul-10,0.15,0.000125
30-Jul-10,0.14,0.000116667
02-Aug-10,0.14,0.000116667
03-Aug-10,0.15,0.000125
04-Aug-10,0.15,0.000125
05-Aug-10,0.15,0.000125
06-Aug-10,0.14,0.000116667
09-Aug-10,0.14,0.000116667
10-Aug-10,0.15,0.000125
11-Aug-10,0.15,0.000125
12-Aug-10,0.15,0.000125
13-Aug-10,0.14,0.000116667
16-Aug-10,0.15,0.000125
17-Aug-10,0.16,0.000133333
18-Aug-10,0.16,0.000133333
19-Aug-10,0.16,0.000133333
20-Aug-10,0.15,0.000125
23-Aug-10,0.15,0.000125
24-Aug-10,0.17,0.000141667
25-Aug-10,0.17,0.000141667
26-Aug-10,0.17,0.000141667
27-Aug-10,0.17,0.000141667
30-Aug-10,0.16,0.000133333
31-Aug-10,0.16,0.000133333
01-Sep-10,0.16,0.000133333
02-Sep-10,0.15,0.000125
03-Sep-10,0.15,0.000125
07-Sep-10,0.13,0.000108333
08-Sep-10,0.1,8.33333E-05
09-Sep-10,0.1,8.33333E-05
10-Sep-10,0.1,8.33333E-05
13-Sep-10,0.09,0.000075
14-Sep-10,0.11,9.16667E-05
15-Sep-10,0.11,9.16667E-05
16-Sep-10,0.12,0.0001
17-Sep-10,0.12,0.0001
20-Sep-10,0.11,9.16667E-05
21-Sep-10,0.12,0.0001
22-Sep-10,0.12,0.0001
23-Sep-10,0.13,0.000108333
24-Sep-10,0.09,0.000075
27-Sep-10,0.07,5.83333E-05
28-Sep-10,0.08,6.66667E-05
29-Sep-10,0.12,0.0001
30-Sep-10,0.14,0.000116667
01-Oct-10,0.15,0.000125
04-Oct-10,0.15,0.000125
05-Oct-10,0.14,0.000116667
06-Oct-10,0.14,0.000116667
07-Oct-10,0.15,0.000125
08-Oct-10,0.14,0.000116667
12-Oct-10,0.14,0.000116667
13-Oct-10,0.14,0.000116667
14-Oct-10,0.15,0.000125
15-Oct-10,0.14,0.000116667
18-Oct-10,0.14,0.000116667
19-Oct-10,0.14,0.000116667
20-Oct-10,0.14,0.000116667
21-Oct-10,0.13,0.000108333
22-Oct-10,0.13,0.000108333
25-Oct-10,0.13,0.000108333
26-Oct-10,0.14,0.000116667
27-Oct-10,0.14,0.000116667
28-Oct-10,0.14,0.000116667
29-Oct-10,0.14,0.000116667
01-Nov-10,0.14,0.000116667
02-Nov-10,0.13,0.000108333
03-Nov-10,0.13,0.000108333
04-Nov-10,0.13,0.000108333
05-Nov-10,0.13,0.000108333
08-Nov-10,0.12,0.0001
09-Nov-10,0.11,9.16667E-05
10-Nov-10,0.12,0.0001
12-Nov-10,0.11,9.16667E-05
15-Nov-10,0.12,0.0001
16-Nov-10,0.13,0.000108333
17-Nov-10,0.13,0.000108333
18-Nov-10,0.13,0.000108333
19-Nov-10,0.12,0.0001
22-Nov-10,0.12,0.0001
23-Nov-10,0.15,0.000125
24-Nov-10,0.16,0.000133333
26-Nov-10,0.16,0.000133333
29-Nov-10,0.16,0.000133333
30-Nov-10,0.18,0.00015
01-Dec-10,0.17,0.000141667
02-Dec-10,0.16,0.000133333
03-Dec-10,0.14,0.000116667
06-Dec-10,0.14,0.000116667
07-Dec-10,0.08,6.66667E-05
08-Dec-10,0.08,6.66667E-05
09-Dec-10,0.09,0.000075
10-Dec-10,0.09,0.000075
13-Dec-10,0.09,0.000075
14-Dec-10,0.09,0.000075
15-Dec-10,0.08,6.66667E-05
16-Dec-10,0.08,6.66667E-05
17-Dec-10,0.05,4.16667E-05
20-Dec-10,0.02,1.66667E-05
21-Dec-10,0.09,0.000075
22-Dec-10,0.07,5.83333E-05
23-Dec-10,0.06,0.00005
27-Dec-10,0.04,3.33333E-05
28-Dec-10,0.08,6.66667E-05
29-Dec-10,0.05,4.16667E-05
30-Dec-10,0.05,4.16667E-05
31-Dec-10,0.06,0.00005
03-Jan-11,0.1,8.33333E-05
04-Jan-11,0.12,0.0001
05-Jan-11,0.13,0.000108333
06-Jan-11,0.13,0.000108333
07-Jan-11,0.13,0.000108333
10-Jan-11,0.14,0.000116667
11-Jan-11,0.15,0.000125
12-Jan-11,0.15,0.000125
13-Jan-11,0.15,0.000125
14-Jan-11,0.14,0.000116667
18-Jan-11,0.15,0.000125
19-Jan-11,0.16,0.000133333
20-Jan-11,0.15,0.000125
21-Jan-11,0.15,0.000125
24-Jan-11,0.15,0.000125
25-Jan-11,0.15,0.000125
26-Jan-11,0.15,0.000125
27-Jan-11,0.13,0.000108333
28-Jan-11,0.13,0.000108333
31-Jan-11,0.15,0.000125
01-Feb-11,0.16,0.000133333
02-Feb-11,0.15,0.000125
03-Feb-11,0.14,0.000116667
04-Feb-11,0.13,0.000108333
07-Feb-11,0.13,0.000108333
08-Feb-11,0.14,0.000116667
09-Feb-11,0.11,9.16667E-05
10-Feb-11,0.08,6.66667E-05
11-Feb-11,0.08,6.66667E-05
14-Feb-11,0.09,0.000075
15-Feb-11,0.11,9.16667E-05
16-Feb-11,0.1,8.33333E-05
17-Feb-11,0.08,6.66667E-05
18-Feb-11,0.08,6.66667E-05
22-Feb-11,0.1,8.33333E-05
23-Feb-11,0.12,0.0001
24-Feb-11,0.13,0.000108333
25-Feb-11,0.12,0.0001
28-Feb-11,0.13,0.000108333
01-Mar-11,0.07,5.83333E-05
02-Mar-11,0.12,0.0001
03-Mar-11,0.12,0.0001
04-Mar-11,0.11,9.16667E-05
07-Mar-11,0.1,8.33333E-05
08-Mar-11,0.07,5.83333E-05
09-Mar-11,0.07,5.83333E-05
10-Mar-11,0.04,3.33333E-05
11-Mar-11,0.04,3.33333E-05
14-Mar-11,0.05,4.16667E-05
15-Mar-11,0.07,5.83333E-05
16-Mar-11,0.06,0.00005
17-Mar-11,0.06,0.00005
18-Mar-11,0.06,0.00005
21-Mar-11,0.06,0.00005
22-Mar-11,0.07,5.83333E-05
23-Mar-11,0.06,0.00005
24-Mar-11,0.04,3.33333E-05
25-Mar-11,0.04,3.33333E-05
28-Mar-11,0.03,0.000025
29-Mar-11,0.06,0.00005
30-Mar-11,0.03,0.000025
31-Mar-11,0.05,4.16667E-05
01-Apr-11,0.03,0.000025
04-Apr-11,0.02,1.66667E-05
05-Apr-11,0.05,4.16667E-05
06-Apr-11,0.03,0.000025
07-Apr-11,0.03,0.000025
08-Apr-11,0.02,1.66667E-05
11-Apr-11,0.02,1.66667E-05
12-Apr-11,0.02,1.66667E-05
13-Apr-11,0.03,0.000025
14-Apr-11,0.04,3.33333E-05
15-Apr-11,0.04,3.33333E-05
18-Apr-11,0.03,0.000025
19-Apr-11,0.04,3.33333E-05
20-Apr-11,0.04,3.33333E-05
21-Apr-11,0.03,0.000025
25-Apr-11,0.03,0.000025
26-Apr-11,0.02,1.66667E-05
27-Apr-11,0.03,0.000025
28-Apr-11,0.02,1.66667E-05
29-Apr-11,0.02,1.66667E-05
02-May-11,0.02,1.66667E-05
03-May-11,0.02,1.66667E-05
04-May-11,0.02,1.66667E-05
05-May-11,0.01,8.33333E-06
06-May-11,0.02,1.66667E-05
09-May-11,0.01,8.33333E-06
10-May-11,0.02,1.66667E-05
11-May-11,0.01,8.33333E-06
12-May-11,0.01,8.33333E-06
13-May-11,0.01,8.33333E-06
16-May-11,0.02,1.66667E-05
17-May-11,0.03,0.000025
18-May-11,0.03,0.000025
19-May-11,0.02,1.66667E-05
20-May-11,0.03,0.000025
23-May-11,0.03,0.000025
24-May-11,0.04,3.33333E-05
25-May-11,0.04,3.33333E-05
26-May-11,0.04,3.33333E-05
27-May-11,0.04,3.33333E-05
31-May-11,0.04,3.33333E-05
01-Jun-11,0.04,3.33333E-05
02-Jun-11,0.04,3.33333E-05
03-Jun-11,0.04,3.33333E-05
06-Jun-11,0.03,0.000025
07-Jun-11,0.01,8.33333E-06
08-Jun-11,0.01,8.33333E-06
09-Jun-11,0.02,1.66667E-05
10-Jun-11,0.02,1.66667E-05
13-Jun-11,0.02,1.66667E-05
14-Jun-11,0.03,0.000025
15-Jun-11,0.02,1.66667E-05
16-Jun-11,0.02,1.66667E-05
17-Jun-11,0.02,1.66667E-05
20-Jun-11,0.02,1.66667E-05
21-Jun-11,0.01,8.33333E-06
22-Jun-11,0.01,8.33333E-06
23-Jun-11,0.01,8.33333E-06
24-Jun-11,0.01,8.33333E-06
27-Jun-11,0.01,8.33333E-06
28-Jun-11,0.01,8.33333E-06
29-Jun-11,0.01,8.33333E-06
30-Jun-11,0.01,8.33333E-06
01-Jul-11,0.01,8.33333E-06
05-Jul-11,0.01,8.33333E-06
06-Jul-11,0.01,8.33333E-06
07-Jul-11,0.03,0.000025
08-Jul-11,0.03,0.000025
11-Jul-11,0.02,1.66667E-05
12-Jul-11,0.01,8.33333E-06
13-Jul-11,0.01,8.33333E-06
14-Jul-11,0.01,8.33333E-06
15-Jul-11,0.02,1.66667E-05
18-Jul-11,0.01,8.33333E-06
19-Jul-11,0.02,1.66667E-05
20-Jul-11,0.01,8.33333E-06
21-Jul-11,0.04,3.33333E-05
22-Jul-11,0.05,4.16667E-05
25-Jul-11,0.05,4.16667E-05
26-Jul-11,0.07,5.83333E-05
27-Jul-11,0.08,6.66667E-05
28-Jul-11,0.1,8.33333E-05
29-Jul-11,0.17,0.000141667
4-week Treasury bill secondary market rate discount basis,,
Source:  US Federal Reserve Bank via wikiposit.org (http://wikiposit.org/uid?FED.RIFSGFSW04_N.B),,
Update:  http://wikiposit.org/w?action=dl&dltypes=comma%20separated&sp=daily&uid=FED.RIFSGFSW04_N.B,,
